source_id,support summary,deny summary,query summary,comment summary
18dmb4,,,,There is a lot of information about Aspartame.
1d7lzf,,,,There's a reason why people don't use reason.
1hzz6y,,,,I don't know what to do with this information.
1i8cy7,,,,The author's company filed for bankruptcy.
1i8ljs,,It's not true that they need a warrant to collect any personal info.,The police won't search through reporters' files if they're investigating someone who isn't a member of the news media.,The US government doesn't need a warrant to search people's phone records.
1jvbd8,,,,Fukushima has a lot of radiation.
1uniwn,,They didn't dodge anything.,,There is a lot of money spent on education in the US.
1x8zke,There is a problem with cell phones.,,,There is a problem with the use of the term 'nuclear' in the current climate.
22o24j,It's not possible to find a source of information.,"There is a lot of misinformation about the fact that the author of the book "" On Killing"" is a historian.",,There is a lot of misinformation about the war.
249p6c,,There is a problem with microwaved water.,She didn't get the results she wanted.,There is no way to control the amount of water in a plant.
25bvmb,There is a lot of alcohol in the world.,,,There is a lot of smoke in the air.
31xv6u,I haven't seen his videos yet.,I don't have the energy to read the article.,,There is a lot of information about dinosaurs in the article.
3e7pye,There is a problem with fasciitis.,,,Fasciation is caused by the presence of genetic material.
3xqilx,,,,He didn't start the fire.
443938194715713536,,,I don't know what to do.,Dmitry is a genius. She has a lot of skills.
46uw4y,The second year student has a lot to learn.,There is a difference between the number of people who vote and those who don't.,Greens get 6.9% of the vote.,"There is a lot of data in the BES, but it doesn't show up in the polls."
46yxoy,,"The better you look at the news, the more you will see.",There is no way to get the required paperwork without being found out.,It's a way to explain the results once the fix is in.
498280126254428160,Michael is staying with his grandmother.,,,Michael Skolnik
498293668655423488,Every 28 hours a black male is killed in the United States by police or vigilantes.,,Michael Skolnik shares his data with other people.,Every 28 hours a black male is killed in the United States by police or vigilantes.
498430783699554305,Michael Skolnik was shot by police.,,,Michael Skolnik is angry with the police for killing a black man.
498486826269548545,,Quad City Pat has a problem with the media.,Letzy and Antonio French sent each other a link.,Antonio sent a photo of himself and his friends.
499366666300846081,,There is a lot to discuss today.,The photo is from last night.,There is a lot of violence in the world today.
499368931367608320,There is a lot of media coverage about Ferguson.,,There are too many people in the media.,There is a lot of talk about the police killing of a black man.
499456140044824576,,,The police are investigating the case.,The suspect was shot at by a police officer.
499530130487017472,A woman was shot in the head last night.,,,A woman was shot in the head last night.
499612545909415938,,There is a lot of misunderstanding about what happened.,There is a lot of controversy about the fact that some people don't like the way they are treated.,There is no justice for black people.
49l01s,,,,The Queen has been accused of breaking up the European Union.
4c7iec,,,,Frewin believes that there is an alien element in the universe.
4dfdvo,,I don't know what to do with the article.,,There is no evidence of fluoride in the water.
4eo2zi,,,,There is a lot of misinformation about the media.
4ycnf5,,,,There is a lot of information about Antarctica.
500258409988763649,Ferguson cop is expected to be released by 9 ET.,,,Ferguson police department is incompetent.
500270780832174080,,,,There is a lot of anger about the killing of Michael Brown.
500278045597368320,Mike Brown was shot by a police officer.,,There is a problem with the link.,The suspect is a criminal. He should be punished.
500279160795721728,Dante B4u doesn't agree with the arrest of Michael.,,The police are looking for a suspect.,Dante B4u is angry with the police.
500279189405433858,Michael Brown was racially profiled.,,,Mike Brown was shot by a police officer.
500280249629036544,,,Michael is on the ground.,Michael Brown was shot by a police officer.
500280422295937024,Yamiche killed a young man.,,There was a struggle in the car.,Yamiche is a six year veteran of the police force.
500280838710247424,Mike Brown is a suspect in a robbery.,"DIANAZOGA believes that there is always a "" history "" when the African Americans gets killed.",Mike Brown was robbed by police.,Mike Brown was shot and killed by police.
500281094239817728,,,The police did not arrest the robber.,There is a story about a man who was racially profiled.
500281131057811456,The kid was wearing the same clothes as the previous one.,Mike Brown was not wanted for the robbery.,The manager of the store didn't say anything.,The police suspect that he stole a candy bar from a kid.
500284699546517505,The video shows a man being shot by a police officer.,,There is a video of a man who was shot and killed.,There is a video of a man pushing a woman around.
500286058664579072,Mr. Wilson's picture was taken with his hands up.,A man was shot and killed by his partner.,Mike Brown is wearing a red hat.,The police officer who robbed the store is a racist.
500288349924782080,The Anon is wearing a pair of shoes.,,,The guy in the security cam is bald.
500290456845299714,A man stole a lot of money from his girlfriend.,The cost of a store is not determined by the customer.,There is a lot of discussion on the topic.,There is a lot of money in the box.
500294803402137600,Someone wearing the same hat at sceen still gave no right to kill him.,There is a lot to be said about Michael.,,Michael Brown was robbed in Ferguson.
500295393301647360,,,,There is a man in Ferguson who is asking questions about his life.
500298588992593920,,,,The suspect in the case is a black man.
500298752469770240,Shade was 17 when he got killed.,AkaDimiX is not a politician.,Dostoevsky is sorry.,The police officer is black. He has no weapon.
500303431928922113,Prisoners are protesting against the killing of innocent people.,There is a new bill to stop Militarization.,There was no looting.,Prisoners are angry at the police for shooting at them.
500307001629745152,The police don't want to know what happened.,There is a lot of information about the situation.,The police officer was shot in the chest.,The police are not releasing the details of the case.
500308076004929537,,The man who robbed the store is not guilty of any crime.,There is a difference between the military and the police.,There is a lot of racism in the world.
500319675797209088,The police are looking for someone who stole something.,There is no legal limit on what can be done.,The police in St. Louis County are using deadly force.,There's no need to worry about it.
500319801344929795,Ferguson cops told a dirty lie.,,,There is a lot of racism in the USA.
500327106824245249,,,,Darren Wilson is a thug.
500327120770301952,,,,Charlie Sheen shot one of his wives.
500332933098385408,Jon Snow is a racist.,There is no reason why a person should be arrested for a crime.,,Kristin doesn't believe in violence.
500341884678836224,,,,
500347114975944705,The video shows a man with a gun in his hand.,There is no evidence of a robbery.,Kosfer is accused of killing a man.,The video shows a black man robbed by a white man.
500354773133299713,Ferguson police beat a man.,,,Ferguson police beat a man for bleeding.
500363126294863876,Mike Brown was not a suspect in the shooting.,Nerdy's arrest makes it more likely he will be charged.,,There was something leading up to the shooting.
500363740311982081,Zerlina Maxwell disagrees with the media.,Zerlina,,Zerlina doesn't want to talk about the killing of a black kid.
500371149713178625,Angry Black Lady is angry about the way criminals get away with it.,Angry Black Lady is upset that the police officer killed her.,,Angry Black Lady is angry at the police for arresting a man.
500377145349521411,There is a problem with the way the police treat people.,,,The little idiot has a rap sheet.
500377906305327104,There is a lot to be said about the Three Stooges.,,,The police beat up a man.
500378223977721856,Jaywalking is a crime.,The suspect is dead.,The suspect has been arrested.,Jurutha was shot by a man behind the counter.
500378522788315137,Fergie has a problem with the police.,The suspect has been arrested.,There is a lot of talk about the future of the country.,The officer who shot Michael Brown didn't know he was in trouble.
500381163866062848,Ferguson police beat up wrong suspect for getting blood on uniforms.,,,There is a lot of talk about how bad the weather is.
500389488217309184,The police are looking for a suspect.,There is no way to know if the person responsible for the murder is responsible for it.,Lisa Bloom is angry at the media.,Mike Brown was robbed by a stranger.
500391222075076610,SLEEZAVELLI,Sylvester is not happy with the way he is behaving.,The owner of the store has admitted to the shooting.,Mr. Brown is accused of stealing from his parents.
500394061887709184,Jelani doesn't like the way it looks.,,,Mike Brown is a thief.
500413818368184321,It's a good idea to wear a white hat.,Ferguson is not guilty.,,The DailyEdge has a story about a man who went missing.
521346721226711040,Michael has contracted a virus.,,There is no way to know if it is true or not.,Michael Essien has contracted Ebola.
521360486387175424,Michael Essien has been diagnosed with cancer.,Michael Essien has not been confirmed.,,Michael has been diagnosed with cancer.
524922729485848576,,Dilbert sent a photo of himself with a knife.,Henderburn sent a photo to the media.,Henderburn sent a picture of a soldier.
524923293711998976,,,The president of Canada is angry at the way he is behaving.,A soldier has been shot at the war memorial in Ottawa.
524923462398513152,,,,There is a lot of gun violence in Canada.
524923676484177920,,There is a shooting on Parliament Hill.,There is a lot of discussion about how to solve the problem.,The RCMP have guns on Parliament Hill.
524924619812511746,,I don't know what to do about this.,,It's time to change the laws.
524925050739490816,A soldier was shot at the National War Memorial.,,,A soldier shot at National War Memorial in Ottawa.
524925215235911680,,,,Shots were fired at Parliament Hill.
524925730053181440,A soldier has been shot.,,,There is a terrorist attack in Canada.
524925987239120897,Gunfire inside Canadian parliament.,,,It's time to get out on the street.
524926235030589440,,,,PzFeed informs us that the military should be armed.
524926472432410625,,,,There is a terrorist attack on Parliament Hill.
524927281048080385,There is a terrorist attack in the centre of town.,There's a lot of work to be done.,It's a good idea to send a message to someone.,There is a problem with the security of the Internet.
524929497205055488,Canada's Parliament Hill is on lockdown.,,There was a shooting at a school.,There is a lot of bad news about the shooting.
524931324763992064,Sensch has a lot of work to do.,,Mark is in Canada.,Kris sent an email to his colleague.
524932056560963584,,,The following is a list of events that happened today.,There will be more protests against extremism.
524932935137628160,@kellyoxford is a journalist.,There is no confirmation that the gunman is down.,,The gunman is still on the loose.
524935485370929152,There is no need for a bomb.,,,Sophia is upset about the media blackout in the US.
524936793633083394,,,The MP is dead.,Mark is worried about the security of his colleagues.
524936872666353664,There are more shots fired off Parliament Hill.,,,There are more shots fired off Parliament Hill.
524937542131793920,,,There are reports of a shooting at the Centre.,Rideau Centre is in lockdown.
524940659778920448,The gunman is on the loose.,,,The following is a picture of Cpl.
524941132237910016,There is a video of a man shooting at a building.,,,
524941720249978880,There was a shooting in Parliament Hill.,,The suspect is on the loose.,A video from Globe and Mail shows a shooting in Parliament Hill.
524942470472548352,,,,Inkless is 2 km from the parliament.
524943490887991296,,,,There is a shooting at Parliament Hill.
524944399890124801,,,,There may be others on the loose.
524947416869388288,,,,
524947674164760577,,Dave Beninger is dead.,,Donnajcheld sends his condolences to his family and friends.
524947867975561216,There was a terrorist attack in Sweden.,The Ottawa police are looking for multiple shooters.,The reason for the attack is simple.,There was a shooting at the parliament. The suspect is a terrorist.
524948206023880704,Two people were killed in the attack.,The news is bad.,There is no word on the condition of the soldier.,A soldier was shot at Parliament.
524948866773184512,Seedy sent a video of a shooting inside parliament.,,,Seedy's hang out in Ottawa 25 years ago.
524949443607412737,There was a shooting at the Centre.,There are no reports of injuries.,,There are a lot of shootings in the city.
524952883343925249,There is gunfire inside Canada's parliament.,,,There was a shooting in Ottawa.
524956129017995264,There is a lot of hate in the world.,There is a shooting at Rideau Centre.,,The shooting at the National War Memorial and Rideau Centre has caused a lot of damage.
524959809402331137,A Canadian soldier is dead in Ottawa.,The police are looking for a suspect.,There is no proof yet that the shooter has anything to do with ISIL.,There is a shooting in Canada.
524961721744900097,,,Arpon is alive.,The soldier who was shot at Ottawa's War Memorial has passed away.
524962142563610625,,,,"The name of the unit is ""Argyll""."
524964948683005952,,Justin Trudeau is not a good leader.,,Justin Trudeau's administration is making Canadians a victim of terrorism.
524965775036387329,,,,The soldier who lost his life is a hero.
524966904885428226,There is a lot of bad news about the situation in Europe.,,,The soldier is still alive.
524969201102901248,,,,The MPs credit Sergeant-at-arms for saving lives in Parliament Hill shootings.
524970851675176960,There is a lot of violence in the world today.,A guard died.,,
524972443308683264,,,There was a similar incident in Canada.,The attack on Parliament was planned by a terrorist.
524975705206304769,The game was cancelled.,,,The NHL cancelled tonight's game.
524980744658382848,,,The car-jacking has been confirmed.,The president of the United States has sent a message to his family.
524981436252950528,,,,The suspect in the Ottawa shooting is a Canadian citizen.
524983581983375360,There are two shooting incidents in Ottawa.,The news is bad.,,There were two incidents at the same time.
524990163446140928,There were 3 shootings.,There were two shootings in Ottawa today.,,
524991576163250176,Police are looking for two shooters.,There was a shooting at a nearby hotel.,There is a lot to be excited about.,There is a lot of misinformation about the police.
524993533212897281,There is a terrorist threat in the US.,,I want to know what happened to the news.,The FBI is good.
524995771587108864,Mike is sad.,It's time to get rid of the guns.,,Cpl. Nathan Cirillo died.
525003468659228672,Sean is honoured to serve as Honorary Colonel in reserves.,The photo was taken by Sean Osmar.,,The photo was taken before the shooting.
525019752507658240,,It's an old joke.,There is a photo of a man who is carrying a rifle.,Mr. Merizier is angry about the fact that he has a beard.
525023025792835585,Nathan Cirillo is dead.,,,Cameron died of a heart attack.
525025279803424768,,,,Nathan died of a heart attack.
525025463648137216,Nathan Cirillo is dead.,,,Cpl Cirillo died.
525028734991343617,,,,There is a reason why soldiers should wear protective vests.
525032872647065600,@20committee,There is a discussion to let'sympathizers'reenter OZ to rehabilitate.,He had his passport confiscated.,There is a risk of terrorism in the United States.
525049639016615937,Mauler is dead.,,,Mauler died.
525056576038518785,Nathan was killed in a shooting.,,,A soldier was killed in a shooting in Canada.
525058976376193024,I'm angry.,,,It's been a long time since I've seen him.
525060425184858112,,,,Cathy has a lot of work to do.
525068915068923904,,,,There is a lot of work to be done.
529540733020405760,The museum is located 4 hours away.,,The show already sold out in Toronto.,It's a four-hour flight from Toronto to Prince Museum.
529653029747064832,,I don't want to talk about it.,,David tells me to keep my ears open.
529654186791944192,,,There is a lot of talk about the future of the country.,Prince will perform in Toronto on Thursday.
529660296080916480,,,,Mikeyer will send a set of tennis balls to his friend.
529687410611728384,There is a lot of talk about the upcoming concert in Vancouver.,,,Lisa LaFlamme is in a line up.
529689679411810304,,Freekmane,,@FreekmaneJames and @TristananthonyJ should wear heels.
529695367680761856,,I saw Prince in concert 2 years ago.,,It's Prince's birthday.
529695483661664257,,,,Stazie and Prince are going to meet for a party.
529713467184676864,The Secret Prince show is rumored for Toronto tonight.,,,
529716453792956416,,,,@ctvottawa is holding suicide prevention event and fundraiser for funeral costs for my cousin who passed on.
529720273285566464,Prince will not be performing at tonight's show.,,Prince is coming to Toronto tomorrow.,Prince will not be performing at the event.
529739968470867968,There's no way to make it tonight.,He will not be playing in tonight's game.,There was no response from the media to the news.,There's a lot of money in the world.
53czp3,,,,It's called a long-term investment.
544268732046913536,,,,Sydney is being held and a siege is taking place.
544269749405097984,,,There is a lot of chocolate in the cafe.,There is a terrorist attack in Sydney's Martin Place.
544271069146656768,,Kristy's tweets are wrong.,It's an ISIS flag.,There are two gunmen inside the cafe.
544271284796784640,,,,It's time to get rid of the terrorists.
544271362022338560,,The flag of the Islamic Republic is not unique to the group.,,There is a terrorist attack on a building in London.
544272537341812736,There is a lot of violence in Syria.,The ISIS flag is not the same as the previous one.,The government has banned guns in Australia.,Sydney is being held up by ISIS.
544274544174071809,This picture is sad.,,,There was a terrorist attack in a cafe.
544274934835707905,There is a lot of news on the news.,,There is a terrorist attack in Australia.,There is a terrorist attack on a BBC news station.
544277117039837184,Sydney is under attack from the Islamic State.,There is a problem with the way people are treated.,There is no God in the world.,There is a lot of hate towards Islam.
544277860555710464,,Srry the whole holding the hostages.,,Kiyan is upset because he wants to kill himself.
544278335455776769,Sydney cafe is being held up by terrorists.,The flag of the Islamic Republic of Iran is not a flag.,How do you know if something is wrong?,There is a protest outside a cafe.
544278985249550337,,,The media is ignoring the news.,It's not working in the USA.
544282005941530624,,,,Hillary Clinton wants to kill all her friends.
544282227035869184,Gunmen take hostages at Sydney cafe.,PzFeed is not the same as it used to be.,,PzFeed wants to get rid of the fat.
544283772569788416,Siege in Sydney Cafe is happening.,,,There is a lot of bad news about the Siege in Sydney.
544287209730236416,Sydney Opera House is deserted.,,,The news is bad for the people of Hungary.
544288681021145090,Up to 20 people were held hostage in Sydney Lindt Cafe.,There is a lot to like about this article.,,There are 20 people held hostage in the cafe.
544289311504355328,,,,There is a lot of blame for this.
544289409294553088,Mr. Bolt is not happy with the way he is behaving.,,,She doesn't like the fact that her name is not on the list.
544289941996326912,,,,
544290258951892992,Sydney has been shut down by police.,,,The police are looking for a suspect.
544291804057960448,Sydney Siege is happening.,,,Sydney is under attack.
544291965513134080,,There is a lot to like about the movie.,,Sharri has sent a picture of a man with a gun.
544292129972170752,,Sydney has a problem with fake news.,"There is no such thing as a "" group"".",The message from J.Schoenberger is incorrect.
544292670336925696,,The cafe is not near the opera house,,There is a lot of bad news about the group.
544293753130082305,,The same man who kidnapped two people in Birmingham.,Rundfunk and other countries have killed more children than they have killed.,There is a man who threatens to kill the people of Sydney.
544294893146091520,There is a hostage situation in Sydney.,,There are threats at major public places over Christmas.,There is a terrorist attack in Sydney.
544297696308518912,Sydney is being held hostage.,,,It's cold in Sydney. Fox News is covering the story.
544301453717041152,,,,There is a security threat in Sydney.
544305540286148609,,,,The man who shot at DailyMailAU is a terrorist.
544305745416581120,,,,There is a hostage situation in Sydney.
544306402731507712,,,,Sydney needs help to create jobs.
544306719686656000,There is a lot of pressure on the US government to do something.,The news about the Normandy landing is interesting.,Sassafras is worried about the attack.,There is a problem with the way people are treated.
544309275141885952,There will be 50 hostages at the café.,The number of people who have been killed is around 500.,,Nijatk is worried about the safety of the hostages.
544310853613281281,The Sydney cafe siege may be part of a larger plot.,Sydney's website has been hacked.,,Sydney is disappointed with the news.
544314234541469696,There is a surge in Uber prices in Sydney.,There is no reason to worry about the security of your home.,There is a lot of traffic in downtown Sydney.,There is a hostage situation in Sydney.
544315472075042818,,,,Sydney has been evacuated because of a terrorist attack.
544319274072817664,A bit like Hadley.,Ray Hadley is the worst person in the country.,,He is being harassed by the media.
544319832486064128,There is a problem with the way the government treats people.,There is a political situation in Australia.,The situation in Sydney is politically motivated.,The news is bad.
544324444773433348,Uber has hiked prices in Sydney.,There is a problem with the price of Uber.,The driver can't get to the car.,Mashable is not happy with the prices they are paying.
544328894812549121,Aussie Sheeple wants to invade the middle east.,There is a fake news story about a suicide belt.,The Sydney state library has been evacuated.,Anonym Tipster has posted a fake news story on Twitter.
544329935943237632,The Uber driver is not paid for his work.,Uber is paying for rides.,Uber is paying for rides in Sydney.,Uber is giving away free rides to drivers.
544333764814323713,There is a lot of misunderstanding about what happened.,,There's a lot to like about this.,"The headband of Muhammad reads ""We are your soldiers""."
544350567183556608,,,The crisis is over.,
544350712365207552,Sydney's hostages are safe.,,,
544352727971954690,Two people were killed in a shooting at a café.,,There is a lot of corruption in the world.,There is a lot of money in the world.
544358533819420672,The hostages escaped the Sydney cafe where a siege remains ongoing.,The hostages escaped the Sydney cafe.,There are three hostages at the cafe.,Gurmeetramrahim will save all the homes in Sydney and turn them right.
544358564484378624,,,,
544367462012432384,The baddies don't have social media and they're gonna start locking the side doors.,,Sydney police are looking for 3 people who escaped from a cafe.,The hostages are safe.
544374511194632192,The hostages have been released.,,,The problem is that they don't know how to solve the problem.
544380742076088320,,,,There is a photo of a woman who has been taken by the police.
544381485591982083,Troy Bramston sent a video to Channel Ten News.,Troy sent a photo of himself with a gun.,,Troy has sent a message to the media.
544382892378714113,The following is a summary of the events that took place today.,,Gelukkir is hosting a party.,BuzzFeed News shares a photo of a young woman with her boyfriend.
544391176137089024,Sydney is hosting a meeting with the Australian PM.,,,The US government has sent a fake flag to Barack Obama.
544391533240516608,,,,5 hostages escaped the besieged Lindt Cafe.
544399927045283840,,,There is a problem with Muslims in the world.,The hostages are being evacuated from the cafe.
544462330105712640,The second suspect wasn't arrested.,Sydney airspace wasn't closed.,There is a lot of bad news about the situation.,Suthernx is impressed with Mr. Hadley's work.
544476808566276097,The Daily Mail is showing the videos.,,It's been a while since I've heard about Viktoria.,The man has a gun.
544491151118860289,,,,PzFeed has a lot of work to do.
544504183341064192,A woman was shot by a gunman.,,,Sydney has a problem with her boyfriend.
544510450101415936,There are several hostages in the cafe.,,,There are several people in a cafe under siege.
544511199702822913,,,Sydney is hosting a live stream.,Sydney police are investigating the use of live ammunition.
544512108885725184,There is a lot of bad news about the shooting of a Jew.,,There was a shooting at a party.,The gunman was shot in the head.
544512664769396736,The police are trying to break into the cafe.,,Matthias Meisner,The police are trying to break into the cafe.
544512676643500033,,,,The hostage was released on bail.
544512910538838016,,,The police are there.,The attack on the Sydney cafe is over.
544513524438155264,,,,
544514564407427072,,,,The terrorist got a bullet.
544514570367168512,Sydney is under siege.,,,There is a problem with the way the police treat people.
544515538383564801,Joyce has been accused of sexual assault.,,He is not a terrorist.,Dazm has been arrested for sexual assault.
544517264054423552,,,,Sydney Siege is over.
544518335019229184,At least two people have died in Sydney.,,,Sydney has lost 5 people.
544520042810200064,,,,There is a death in the family.
544520273718812672,There are 6 people injured in the attack.,There are 4 people injured.,No one has said anything about the shooting.,There are 3 people injured in the attack.
552783667052167168,,,There is a lot of hate in the world.,There were 10 people killed in the attack.
552785375161499649,,,,
552788945017516032,,,Mumbobee has a problem with the way he behaves.,There is a problem with the way people are treated in the UK.
552791196247269378,At least 10 people were killed in the shooting at Charlie Hebdo.,A person killed his own son.,,There is a lot of gun violence in France.
552791578893619200,There were 11 people killed in shooting at Paris offices of satirical magazine Charlie Hebdo.,Charlie is dead.,,There was a shooting at the Paris offices of satirical magazine Charlie Hebdo.
552792544132997121,,,Raja is in London.,Raja Chemayel is angry about the attack.
552792802309181440,Eleven people were killed in the Paris shooting.,,There is a problem with muslims.,There were 11 people killed in the attack.
552792913910833152,At least 11 people were killed in the shooting at Charlie Hebdo in Paris.,,,France is a very beautiful country.
552793679082311680,There were 11 people killed in the attack.,,,There is a photo of a journalist.
552802654641225728,There were 12 people killed in the attack.,,,Thei100's readers love Muslim multiculturalism.
552805488631758849,There were 12 people killed in today's attack.,Dalia doesn't want to be a victim of the media.,,There is a lot of hate towards Muslims in France.
552806309540528128,Colvinius and LePoint are celebrating the death of Charlie.,There is a lot of criticism about Martin.,,There is a lot of hate in the world.
552806757672964097,Charlie was killed in the attack.,There are 4 people in the US who want to kill each other.,,The following is a list of things to watch for.
552810448324943872,,The fact that the US is invading Iraq shows how much violence there is.,,There is a lot of violence in Syria.
552811386259386370,There were 12 people killed in the attack.,The French knew how to use a gun.,,There were 12 people killed in the Paris attack.
552814494381256704,Charlie Hebdo was killed in an attack.,Sputnik shares a picture of Rick Mercer.,,Sputnik's editor-in-chief was killed in an attack.
552816020403269632,,,,Mjrharris believes that terrorists seek inspiration in their acts.
552821069036670976,Charlie has been killed.,,,Charlie was killed by a group of men.
552832817089236992,,,,A man was shot dead by a police officer.
552833028201144320,,,,There is a lot of violence in Syria.
552834961762709505,,,,Gargi Rawat has sent a message to the media.
552848620375261184,The gunmen who killed Charlie Hebdo are members of al-Qaida.,,The terrorist group is funded by the US government.,The President of the United States is angry about the attack.
552978099357237248,The following is a photo of Banksy.,,,It's a beautiful day.
552978184413921281,Banksy's take,,,
552982613288157184,,,,Banksy says JeSuis Charlie in a beautiful way
552984502063337472,,,,
552996335319007233,Mama will give Obama a hug.,,,Mama4Obama is angry at the Muslims.
553107921081749504,,TODAY's cartoonists are famous.,,There was an explosion in a restaurant.
553152395371630592,There is a lot of discussion about the topic.,,,Lucille Clerc shares a cartoon about Charlie.
553160652567498752,Suspects in the Paris terror attack were arrested.,,,There is a man who left his wallet at home.
553164985460068352,,,There is a problem with the way the Internet works.,Thelma and Louise are trying to kill each other.
553184482241814530,,,Julia has a lot of questions.,The police are looking for the missing person.
553197863971610624,I agree with him.,,It's a good idea.,The last person killed in Charlie Hebdo attacks was Muslim police officer.
553212962044149761,,,It's a stupid idea.,Melissa and her friends are going to kill themselves.
553221600955621376,,,,Armed has sent a letter to the editor.
553461741917863936,There is a lot of support for Syria.,,The shooting did not happen in paris,It's not a good idea to send a photo of a child.
553467311261503488,,,,There is a problem with the way the police treat people.
553470492565602305,,,I don't speak English.,It's too late.
553474188259102720,,,There is no reason why they didn't do something.,The attack on Charlie Hebdo was carried out by a group of thugs.
553476490315431937,,,,The ambulance is in the convoy.
553476880339599360,,The police are looking for a suspect.,,
553478289474740224,Sniper killed in North-East of Paris,,,France will stop arming and funding terrorists.
553480082996879360,,,,There are reports of a terrorist attack in France.
553486439129038848,,There is a UFO in the sky.,,France has closed Charles de Gaulle airport because of a terrorist attack.
553489393202499584,The suspects are in a hostage situation.,,,There is a lot of violence in Syria.
553501357156876290,,The suspects are going to be arrested.,,There are some people who want to kill people but they don't want to.
553503184174710784,The suspects told police they are prepared to die as martyrs.,The dogs will not die as they are.,,The dogs are killing each other.
553505242554175489,It's a good time to celebrate.,,I am in Australia.,The suspects in the attack want to kill people.
553506608203169792,The BBC is breaking news.,,,Aldi has a lot of bargains.
553508098825261056,The same Islamic Terrorists @NBCNews have surrounded this building.,The French don't treat prisoners as well as they should.,,It's time to kill the terrorists.
553512735192141826,,,,There is no mention of the shooter.
553518472798683136,The French terror suspects want to be martyrs.,,,The French government wants to kill the terrorists.
553531413459660800,,,There was a shooting at a kosher deli.,There is a problem with the way the police are handling the situation.
553534838880608256,,,,There are 5 hostages in Paris.
553535829017370625,,,,There are at least five hostages in Paris.
553538058440941568,There was a shooting at a Paris market.,,,There was a shooting at a kosher market in Paris.
553543369604210689,An 11-month-old baby is among the hostages at the Kosher supermarket.,,The pause button is broken.,There is a lot of sadness in the world.
553544252563935234,At least 2 people were killed in the Paris hostage situation.,,,There is a terrorist attack in Paris.
553544694765215745,France's police publish photos of suspects in Montrouge shooting.,,,
553548567420628992,Shiraz has confirmed the connection.,,There is a lot of information about the case.,There is a lot of tension between the two parties.
553549686129561600,Gunman at a kosher grocery store threatens to kill the hostages.,,,There is a terrorist attack in France.
553550301886955520,One person was taken hostage in a supermarket in Syria.,,,There are at least two dead in East Paris.
553553288625672192,,,The terrorist who killed 12 people in Paris is not the one who killed them.,There is a terrorist attack in Paris.
553558982476828674,,,,It's been a long time since I've seen anything like this.
553561170637238272,Police order all shops closed in famed Jewish neighborhood in central Paris far from attacks.,,The police have ordered all shops in the neighborhood closed.,The police order all shops in Paris far from attacks.
553566026030272512,There are two terrorist attacks in France.,,,ABC wants to arrest all the hostage takers.
553575232867672064,The gunman is threatening to kill hostages.,France has become too liberal with the security agencies.,,NATO is financing terror in Afghanistan.
553576010898497536,Gunman at Paris store threatens to kill hostages if they are harmed.,The suspect threatens to kill the hostages.,,A gunman at a Paris store threatens to kill the hostages.
553579224402235393,Kouachis demands the release of his documents.,,,There is a hostage situation in France.
553586860334010368,Kay sent me the best news she could find.,,There is no evidence that the hostage was killed.,There is a lot of bad news for Kayburley.
553586897168392192,The police have killed two people.,,,There is a lot of bad news about the situation in France.
553587013409325058,Charlie Hebdo gunmen have been freed and are safe.,The suspect has been released.,Fridh will give an insight into the attack.,Charlie Hebdo's hostage has been freed and is safe.
553587303172833280,The police are taking people out of the apartment where they are being held.,The police are taking people out of a Paris grocery.,,There are 6 people killed in the attack.
553587672137334785,Charlie has been killed.,,,The gunmen have been killed.
553588178687655936,Huffington Post is a good news story.,,The police are investigating the death of two people.,There was no response from the government to the killing of Charlie.
553589051044151296,,,,There were several hostages freed at Jewish supermarket in Paris.
553590459688570880,Several hostages were freed at Jewish supermarket in Paris.,,,The people who were arrested are now free.
553590835850514433,A man was killed in a supermarket attack.,It's not just about the weather. It's about the people.,There is a man who is wanted by police.,The hostage-taker was killed in a supermarket siege.
576276947648405505,The Kremlin wants to overthrow Putin.,Ramzan Kadyrov is a Sunni Muslim Russian and Chechen Ultranationalist.,,
576319832800555008,,,,Mr. Putin is a good president.
576323086888361984,Darth doesn't believe the story.,,,
576513463738109954,,,,MailOnline is selling inbetweeners for $URL.
576755174531862529,,Russian President Vladimir Putin sent a message to the media.,,
576796432730071040,There is a problem with the way the user handles the news.,,,Putin died during a military coup.
576812998418939904,Mazaltov has a baby.,,,Scoff has a lot of work to do.
576829262927413248,,,,There is a problem with Russian politics.
577258317942149120,,,,Pat Ondabak is angry with the US government.
580319078155468800,Germanwings Airbus A320 crashes near Digne.,Germanwings Airbus A320 crashes in French Alps near Digne.,,A plane crashed in the French Alps.
580319184652890113,AlArabiya,,The passengers were on their own.,A plane crashed in the southern French Alps.
580320684305416192,,,,It's the first time I've seen the news.
580321156508577792,,,,
580322453928431617,,,,
580323060533764097,,,,
580324027715063808,,,,A Germanwings plane crashed in southern France.
580325090367315968,,I don't know what to say.,"The plane is flying at 38,000 feet.",The flight was delayed by about 25 minutes.
580326222107951104,There is a tragedy for the families of the passengers.,,There is no way to know how many people are in the world.,There was a terrorist attack on Ulrich.
580331561398108160,,,,There is a call for help in French.
580332109782466561,There is no turn to avoid terrain.,,,The plane has crashed.
580333763512705025,Debris from Germanwings crashed in the Alps.,,,The Airbus A320 crashed in the French Alps.
580333909008871424,A plane crashed in France.,,,I am flying with @germanwings in 2 weeks.
580339547269144576,,The Germanwings plane crashed.,The pilots called 911.,There is a lot of misinformation about the flight.
580339825649291264,The news is bad for the families.,,,The plane crashed in the Alps.
580340476949086208,The plane crashed.,,There was no news on the plane.,There is a lot of news about the plane crash.
580348081100734464,The plane crashed in France.,,Germanwings confirm 144 people died in the crash.,The plane crashed in Spain. It was carrying 144 passengers and 6 crew.
580352273001410560,,I don't know what to say.,Pascal has a problem with the autopilot.,There was a distress call from Airlivenet.
580360165540642816,Richelle's record is not perfect.,,,
580371845997682688,,,,There is a lot of turbulence in the air.
580882341880446977,BuzzFeed doesn't mention if it's the co-pilot in the report.,,,There is a problem with the way he is behaving.
581047170637381632,,,There is a lot of talk about how to solve problems.,
581063377226637312,,,,
581153923987206146,,,It's not clear why he would want to take others with him.,A suicide bomber killed 150 people.
581290271997968384,The Co-Pilot of Germanwings Airbus was MUSLIM.,,There is no mention of being a Muslim.,The pilot of the plane was killed by a bomb.
581293286268129280,,The pilot of Germanwings was a Muslim.,The following is a transcript of the conversation.,There is a lot of hate towards Muslims.
581359544682614784,The pilot was not happy with the situation.,,He is a Muslim.,There is a lot of talk about depression in the media.
581386094337474560,,,,The USATODAY team is looking for a way to solve the problem.
581473088249958400,The man in the photo is a muslim.,,,
5938df,,,,There is a lot of talk about the death rate in Korea.
5l23au,,,,There is a lot of illegal voting in California.
5mkmg1,,,,There is a lot of misinformation in the article.
5qzxep,,,,The battery is no longer needed.
5tk0zx,There is a problem with the fact that every sailor has to watch a video about it.,,,It was the ordnancemen who put the bombs on.
5vvv51,,,,There are no regulations regarding the media.
5yp0yt,,,,I don't own a kettle.
63uefi,,,,The president of the United States is making a lot of money.
644j1f,,The hair on the back of the head has been cut off.,,There is a lot of rubbish on Reddit.
66yxyf,,There is a lot of carbon dioxide in the atmosphere.,,It's a joke.
6a4cji,There are two seasons left.,,,The first episode of the series is scheduled for July 17th.
6hb6b3,There is no water in the house.,There is no proof that this is true.,,The earth is flat.
6jk9iq,There is a lot of magic in the world.,There is no reason why you shouldn't do something.,,There is no need to worry about it.
6m1mwg,,There is a problem with the way people behave.,,"The answer to this question is ""2 + 2""."
6o9ozz,,,,There is a difference between the first and second stages of the rocket.
6rimvf,,It's certainly not true today.,The source of the link is not clear.,
758159624122097664,Sampepper has a problem with drugs.,Sampepper doesn't want to talk about her.,Sampepper has a problem with sexual assault.,Kane's friend is a rapist.
763098277986209792,,There is a problem with the way the internet works.,NatShupe is getting shock treatment.,Natasha's doctor told her about her condition.
764927075522260992,Donald Trump is ill.,Alex Jones is lying to the public.,The secret service doesn't exist.,There is a lot of hype about Alex Jones.
767725956706414592,There is a lot of misinformation about Hillary's health.,Brian has a medical condition. He is lying about it.,There is a lot of misinformation about Hillary's campaign.,Giuliani has a lot of problems with mental health.
768859780240773121,Hillary Clinton is unfit for office.,,,Hillary's car is too low for her.
769988636754505729,There is a lot of talk about the election.,PrisonPlanet thinks she had a fake pickle stunt.,PrisonPlanet has tweeted to Pretty Paul.,Hillary doesn't want to talk to the press.
774165935041093633,,,The name of the person is Larry.,Sheila is a bad person.
774991078265094144,Hillary passed out at the 9/11 Memorial Ceremony.,Hillary is fine.,The funeral director is following Hillary.,Hillary Clinton is not fit to be president.
775057555865206784,,,There is no cure for the disease.,She is suffering from Parkinson's disease.
784071228248109057,It's a good thing she didn't do it.,,,Hillary Clinton is a hypocrite.
784118929799073793,,,,Hillary Clinton has a lot of money.
784216706080178176,,,There is a lot of work to be done.,Hillary is not going to be president.
784316107645603840,,,,Hillary Clinton wants to win the election.
78sxy7,,Sticking to the same routine as before does not cause arthritis.,,There is a lot of noise in the air.
7d28gk,,,,There is a three-strikes law in California.
7g16as,,,,Donald Trump has a lot of money.
7hrc7n,,,,Owen is not happy with the way the government treats him.
7imq99,Rhodes wants to destroy Western Civilization.,I don't know what to do with this.,There are many students at the university.,There is a problem with the internet. It's a sign of a dying society.
7jkthr,,There is a lot of talk about how to solve problems.,,It's a fake news article.
7p7cq,The government was formed by the leaders of various factions.,,,This is disgraceful.
7z11oi,,,,It's been a while since we've had a phone call.
828933929080086528,,The news is fake.,,
830469481621241857,There is a lot of misinformation about the election.,Apple's CEO is coming.,,Donald Trump is a racist.
83ddtk,,There is no fee for using the US dollar.,The answer is yes.,There is a tax on the US dollar.
852844529778601985,,,The bomb was dropped on Syria.,TODAYshow has sent a video of Donald Trump's bomb attack.
872300483272114177,He was a bit of a jerk.,,I don't know what to say to him.,SandiBillington has never seen a tornado before.
872367878871408640,A friend of mine sent me a video.,It's been a while since I've seen the news.,The weather forecast is accurate.,There is a lot of bad news about this video.
879j1c,In Russia it's not always easy to find a place to live.,There is a lot of talk about New Zealand.,,There is a problem with the way people behave in Australia.
892781499103277056,,It's not a good idea.,The incident happened in Assam.,
897502435593265152,,,,
897715873145913344,Dawg has a lot of work to do.,,,Donald Trump and Melania Trump are going to meet tomorrow.
8d6h5t,There is no requirement to do anything at home.,I don't know if it's true or not.,,I'm not aware of this. I just do it out of habit.
8e86kt,,,,It depends on the type of battery
8efswb,,,,There is a lot of sex between men and women.
8gp0d7,,I don't know what to do.,,I can't breathe through both nostrils.
8i274x,There is a lot of talk about sex.,,,Donald Trump has a lot of problems with his girlfriend.
8j9s33,The study shows that children are less likely to be born than adults.,,There is no evidence that illegal immigrants commit crimes.,There is a lot of misinformation about illegal immigration.
8lkwd7,,,,I don't know how to use a laptop.
8lwt83,,,There are a lot of applicants for the visa.,It's not easy to get into the US because of the cost of education.
8m9y0o,,,,I had a headache and couldn't taste anything.
8n9173,,,There is a reason why people sleep on their left side.,There is no evidence for the effect of the magnetic field on human health.
8unvgg,,,,There is a lot of work to be done in the state.
8yktu5,,In the press conference earlier today he said he was opening Turnberry the day before Brexit.,,Donald Trump is coming to Scotland on 23rd June.
901939374375370752,There is a lot of talk about politics.,The photo is from 2016.,,Jim Kuther is calling for the police to stop the protest.
902006921523331073,,There was no mention of the road blocked.,,There's a lot of traffic down there.
902134516575346688,Invisible Man is a man.,Invisibleman has posted a fake photo of himself and his friends.,Yoga has a lot of potential.,Invisibleman sent a picture of a shark.
902224586967621633,Jemmy Vasser is a shark expert.,Jimmyvasser has posted a fake photo of a hurricane.,,Jimmyvasser has a fish in his living room.
902542822540173314,There is a lot of drama in the world today.,,,Bruni has a lot of work to do.
902595384635043840,,There is a lot of fake news out there.,,
903336023362547715,,,I don't know if the water is safe.,Lilly donated 7 million to charity.
903528113631584256,,,,There is a lot of pressure on people to pay for their insurance.
904111594912841729,,Carolde has a lot of work to do.,Hillary Clinton and Barack Obama disagree on what to do.,Carolde congratulates Harry on his birthday.
904200288059494400,,,,There is a problem with rats.
904725019372253184,,The man in the photo is in Canada.,,The summer camps are closed.
904727149747326977,,,,
904762977185808385,There is no water in the house.,,,Mr. ChuckD thinks it's a good idea to invest in inflatable structures.
905161219274940416,,There is a fake news story about a protest in Houston.,,There is a lot of violence in the city.
905290355796533252,,,,The storm is coming.
905541650541420546,,,There is a problem with the way I write.,There is a new law in place that allows the government to buy from citizens.
905590451876634624,,,,
905600465160810497,Donald Trump is not happy with the way he behaved.,,,There is a lot of money in the bank.
905682058621616128,,,,Paine is upset about the lack of support from the media.
906170027937849345,,,,I don't want to give up my guns.
907697675184885760,There is a reason why people are stealing.,,,The Red Cross cancelled their banquet at Trump's Mar-a-Lago.
909084965035487232,,,,"The name ""Majestic"" is a reference to the name of a woman."
909982405167067136,,,It's a good idea to share the news with others.,Hillary hates Americans.
910024540578869248,,There is a lot of fake news out there.,,Hillary Clinton sent a video of herself and her friends to CNN.
910121722149527552,,,,Hillary is a good person.
914582144952995840,,,,Jim Bates disagrees with him.
914684276477710336,Lrihendry @SpecialKMB1969 @SandraTXAS @ChooseToBFree.,Lrihendry @SpecialKMB1969 @SandraTXAS @ChooseToBFree.,Sandra and her friends are going to choose the best option for their lives.,Lrihendry @SpecialKMB1969 @SandraTXAS @ChooseToBFree.
919231965471105024,,,,There is a lot of bad news about the country.
934715071757819904,,,,Lalit KModi sends a video to Kenyan traffic.
934828842505723904,Gidi has a lot of work to do.,,The bird was paid for by Gidi traffic.,Gidi_Traffic and Kenyan traffic are going to fight each other.
934q6t,,,,There is a lot of iodine in salt.
935577591850979329,,,There is no way to stop this from happening.,There is a lot of bad news about North Korea.
938787800974950400,,,,Grizzly has a lot of work to do.
938o5h,,,,The Pyramid of Giza is a pyramid.
939234401681944576,The bill passed by the House of Representatives would eliminate the tax on the wealthy.,,,Kellyanne doesn't like Donald Trump.
940078473061609472,,There is no such thing as fake news.,The fire started because of climate change.,The US government shut down Al Quida's website because of a terrorist attack.
941305217454403584,,,,Hanzala has a lot of work to do.
944339600998326274,It was amazing.,,,Irum47 shares a photo of a golden eagle.
945845194699759616,Donald Trump is disappointed with his life insurance policy.,,,The Onion doesn't believe in God.
951976286301204480,The bill passed by the House of Representatives.,,,There is no funding for the project.
986750534886424576,,,,I don't know what to say about her.
986801053168488449,There's a video of Darph saying something about her.,,,There was a lot of bad news about the situation.
987323105524768769,,,,She is the first person in history to get married.
987801763850809344,,,,Barbara didn't like the way she was treated.
ayn70,,,,I haven't applied for citizenship yet.
wfajw,,,,There is a lot of speculation about who is going to be president.
xn2bn,,,,There is no evidence that Obama is a racist.
