source_id,all summary
91728807081426944,@Lil_Eazy_Ana and @Peyton_
265953285247209472,@chrissyteigen wants to go to the party.
273182568298450945,Onion is one of the people who died on Friday.
273278761909239808,Onion is dead on Twitter.
295152287901417472,@godsgirl is following me.
295944137948151809,There is a picture of a woman saving a man's life.
318263294098030593,A photo of a black nurse saving the life of a KKK member has been shared by Earth.
319166636902998016,A photo of black nurses saving the life of a KKK member has gone viral.
326137285450018817,A photo of black nurses saving the life of a KKK member has been shared by WildestFacts.
334722003057647616,Stephen Fry thinks it's a hoax.
336873759271157760,Allen West wants to know why he is not getting his salary.
336913656921083904,The Fort Hood shooter has been paid a salary of 278$ since the massacre.
348203818741272576,"The IRS sent $46,000 in unpaid taxes to Talkmaster."
348204426659508226,"The IRS sent $46,000 in unpaid taxes to E.Erickson."
348209998565879810,Paula has been offered a cooking show on the new Fox News Channel.
351767344097398785,Alex wants to know what is going on.
352075672543428608,Paula filed a discrimination suit in time for her new book.
356268980211687424,There is no evidence to support the claim.
356297080169447425,Obama files federal charges against George Zimmerman.
356310469390245888,The following is a list of current events.
356407105953071107,The Department of Justice files charges against George Zimmerman.
356437941641416705,Zimmerman has been charged with violating Trayvon's civil rights.
357299879070023680,Roycelr advises people not to buy Koch's products.
357300409292959744,Zimmerman has filed a civil suit against Sande.
358591089462099968,George Zimmerman won the Florida Lottery.
364383457545162754,Radioactive water is seeping into the ocean from Japan's crippled Fukushima nuclear plant.
364589696573124609,YourAnon is talking about the radioactivity.
365052155385749505,Fukushima has been leaking radioactive water for 2 years.
365056836476481537,There is a problem with contaminated water.
365276206381268995,"Fukushima nuclear plant is leaking 80,000 gallons of radioactive water into the ocean daily."
365497016098369536,Water leaks at Fukushima could contaminate the Pacific Ocean.
366025766183514112,The Fukushima Daiichi nuclear power plant is leaking radioactive water every day.
366205297557110784,The temperature has risen above freezing.
369506008172740608,The Fukushima Daiichi nuclear power plant is leaking 300 tons of radioactive water every day.
370855596050108416,Radioactive groundwater is seeping into the Pacific Ocean.
372489152903643136,Jesse is in a state of emergency.
372901260183494656,There is a leak in the water.
372914976102834176,YourAnon wants to know if there is a problem with radiation in the US.
376874273601630208,Lord_Voldemort is working on an eighth Harry Potter book.
376982539132366848,J.K. Rowling is working on an eighth Harry Potter book.
377002232257855488,J.K. Rowling is working on an eighth Harry Potter book.
377519445578895360,@jk_rowling wants Frankie to follow him.
380055172896272384,A city in Louisiana has made twerking illegal.
380140114552188928,Tweerking in Louisiana is a crime punishable by up to 30 days in jail.
386682163862986752,There's a joke on Twitter about Muslims being paid for their beliefs.
386998038004113409,The website has been shut down.
387006553124896768,Wilson is angry at Obama for shutting down the internet.
387006700609228801,Amber Alert website goes dark under government shutdown.
387007120689737729,Jason wants to shut down the Amber website.
387009577763360768,Amber Alert goes dark under government shutdown.
387010299536355328,The White House is shutting down.
387021726007042051,Obama is not the one who stands for freedom.
387030572779847680,@th3j35t3r wants to know why the website is not working.
387031585834278912,Ace of Spades has gone offline due to the current situation.
387041762331471872,Pambesteder's website is down.
387050178932654080,Joseph and Dan are angry at the president.
387220814531395584,The NBC News website is down.
387233034350514176,It's a shame that Sunnyright has been hacked.
387236601450864641,Steve is angry at Steve Works.
387237225286479872,Steve works for a company that provides health insurance.
387281927427727360,@RepFincherTN is a hypocrite.
387309869080281088,Ezraklein is upset about the fact that some people think the museum is a place for Muslims.
387353560356118528,PolitiFact claims Obama used the Amber Alert system to scare people.
407156621450571777,The driver died because he wasn't famous.
407158558158254081,Paul died of a drug overdose.
407159686786732032,The actor died of a heart attack.
407162181059612672,Paul Walker died at the age of 40.
407163499723624449,Paul died shortly after attending a charity event for his organization.
407163869673443328,There was a train crash in Glasgow.
407164247768977409,Patama sends condolences to the driver who died.
407164597511393280,Paul died with a driver that no one cares about.
407167258452971520,The post was shared by @GossipCop.
407167928313081856,Paul Walker died of a heart attack.
407169212428206080,Nobody cares about the driver who died.
407169699559247872,Paul Walker passed away today.
407169885345943552,Paul Walker died in a car accident.
407170170533064705,The last picture of Paul was taken before his death.
407170443443859456,Roger Rodas died with Paul Walker yesterday.
407173794583695360,The history of organizing in international disaster relief.
407176055657484289,The last photo of Paul was taken just before he died.
407176873605865472,Paul died in a car crash.
407177474788057088,The driver that died with Paul Walker was not famous.
407179055763836928,Paul Walker died in a car crash.
407181813174788096,Huffington shares his condolences on Paul's passing.
407182194206322689,Jalopnik wants to know what is in God's will.
407182466613792768,Paul died of a heart attack.
407184707118309376,Paul Walker died in a tragic accident.
407184730988097536,Kevin lost his life in a car accident.
407185422523977728,"Paul is still alive, but his car is on fire."
407187197427593217,Rai is angry at Prachi.
407188779255222273,Paul Walker died of a heart attack.
407189015582887936,The man died in the car crash.
407191058108256257,He died doing what he loved.
407191144880439298,I can't believe he died.
407192027714322432,Paul Walker died yesterday at the age of 35.
407192126032986112,Speed was a factor in the crash that killed Paul Walker.
407192370040803329,Paul Walker passed away. He was 40.
407193347279699968,Paul Walker died in a tragic accident.
407197113286545409,A man died in a car accident.
407197672702214144,Paul died in an accident.
407198255793987584,Paul Walker died in 2013. Tyga was doing alright until he found out.
407198615137181696,The man who died with Paul is remembered by Liam.
407205009676587009,It's all about the timing.
407205235682050048,Paul died because he wasn't famous.
407205404075376640,The name of the driver is Paul.
407206094747209728,Ralph died in a car accident.
407209131351629824,The following is a link to the article.
407209222850756608,Rodger is famous but no one seems to care about him.
407209892013821952,Elle shares a photo of a man who died.
407211258304552960,Paul died of a heart attack.
407212665350942720,Paul died. Mashable is sad about it.
407213757048160256,He died doing what he loved.
407213772328022016,Paul Walker and Samuel Johnson were killed in a car crash.
407217471473451008,The driver is getting more and more drunk.
407217865973329920,Paul died of a heart attack.
407218583135997953,Rodas is a human being.
407223928084766721,Paul Walker's death is delayed but won't be cancelled.
407229989902225408,A man died in a car crash.
407231591191035904,Paul died too fast and Maatthieu is furious.
407231740764508161,The driver who died with Paul was famous.
407232661107642368,Paul Walker passed away. MTV News is mourning his passing.
407233172380733441,Paul Walker died in a car accident.
407234399093022720,Roger died along with Paul Walker.
407236151167025152,The driver that died with Paul Walker was not famous.
407244865018155008,People are comparing Paul to animals.
407248574099894272,Paul Walker's death will be delayed but won't be scrapped.
407253198395555840,"Paul Walker is dead, but the story is still going on."
407253554039386112,Deji is at the crash site where Paul died.
407254590363426816,The report of Paul Walker's death will be delayed.
407258075502899200,The driver died in the accident.
407262869152358400,Paul died hours before his death.
407262953533353984,Paul is an actor and writer.
407264593027670016,The driver is responsible for their deaths.
407267881131732992,Paul Walker's last movie is set to release in two weeks.
407269894938718208,Paul died two days before TMZ posted this two days ago.
407275991610818560,Dave Schilling tweets about VICE's article about Paul Walker.
407279190913069056,Paul died of a heart attack.
407290084593913856,The driver was killed along with the passenger.
407290871856369664,Madubuike is making fun of Paul Walker.
407292452060815360,Paul Walker died in a car accident.
427652211414274048,A man died of smoking-related disease in Marlboro.
427662266993889280,Actor who portrayed Marlboro man in 1970s ads died from smoking-related disease.
427666815842414592,A man from Marlboro died from smoking-related disease.
427689948398231552,Actor Eric Lawson who portrayed the Marlboro man died from chronic obstructive pulmonary disease.
427690961280696320,Man who portrayed the Marlboro man in the 1970s died from smoking-related disease.
427725166127226881,There is no cure for smoking.
427762638274437120,Actor who played Marlboro in ads died from smoking-related disease.
427780584979836929,A man died of chronic lung disease.
427831952826449920,A Marlboro man died from smoking-related disease.
427846006600777729,A man in Marlboro died of smoking-related disease.
427924694663454720,Actor who played Marlboro in ads died of smoking-related disease.
427944719612915712,A man in Marlboro died from smoking-related disease.
428366153149194240,Obamacare will require you to get an RFID chip implanted into your skin to monitor and track you.
435998882250899456,Skyfall is laughing at Harry's tweet.
436074888638763008,""" he's a kidnapper."
436089462326849536,@_exhalebie is talking about his personal experience.
436157173161144321,""" he's a kidnapper."
436157398269849602,There is a recall of processed meat.
436160836524965891,Nestlé has issued a recall of Hot Pockets in the USA.
450341615979069440,Danger thinks it's a hoax.
455525437351800832,There is no such thing as a happy ending to a story.
470025166760980483,@LifeNews wants to know where is Michelle Obama.
482880640560271361,Allen West is critical of the military training in Bahrain.
489794369487380480,Malaysian Airlines passenger was shot down near the Russian border.
489794593580650497,Malaysian Airlines passenger was shot down near the Russian border.
489794696013967360,HuffPost shares a photo of a plane crash.
489796088338341888,The plane was carrying 295 people.
489796998615547904,Malaysia Airlines plane was shot down.
489798219283857408,Malaysia shot down a plane.
489798752358916096,Russian plane shot down in Ukraine.
489800427152879616,Malaysia Airlines lost contact with the plane that was flying in Ukraine.
489802446001434625,The plane has been shot down.
489812926828924928,"According to CNN, MH17 was shot down by terrorists."
489816746405007360,There was a plane crash in Malaysia.
489818014364086273,Al-Arabiya wants to intervene in the war.
489820657291911168,There was a plane crash on Malaysia Airlines.
489829414704648192,There is no such thing as too much information.
489833932813516800,Ukraine shot down Malaysia Airlines with a surface-to-air missile.
489836271049928704,There was a plane crash on MH17.
489836441120145408,"A plane crashed in Malaysia, killing at least 295 people."
489841070818488320,Nine Britons and 80 children are feared dead after MH17 crashed.
489854703321509888,There was a plane crash in Gaza that killed at least 23 people.
489865454312099840,They are taking pictures of people's passports.
489867900296368129,Russian rebels shot down a plane.
489872119158046720,There's no need to be afraid.
489872500462190593,There was a phone call between a rebel leader and a Russian agent.
489874311143260160,Malaysia Airlines flight MH17 was shot down.
489887806018183168,The following is a partial list of airlines.
489902412900343809,Rebel leader shot down a plane.
489968646014246912,The breakdown of nationality of the passengers is as follows:
489970164469751808,Tommie shares the names of the passengers on his Twitter account.
489974591985840128,A Malaysian jet was shot down by a Buk missile system.
489975398151618560,There was a shooting near the embassy.
490080544949276672,MH17 was shot down by a Buk missile system.
490136764619948032,The flight MH17 was shot down.
490141776984825856,"According to CNN, the missile was fired by Russia."
491200302365040640,@cnni wants to know who shot down the plane.
491241885399539712,The Ukrainian military shot down a plane.
491591245152935936,CNN is accusing Russia of shooting down a plane.
495305620342714369,Tesla broke ground on a $5 billion battery factory in Nevada.
495365942726381568,Hulk lifted my heart.
495366618818830336,Hulk is no longer with us.
495583434954514432,There was a fight at the opening of Ukraine's parliament.
496698590153416704,JBCrew's ringtone saved a Russian fisherman from a bear attack.
497073936077959169,Justin Bieber has been attacked by a bear.
498280126254428160,Mike is staying with his grandmother for the summer.
499366666300846081,The Internet is a no-go zone.
499368931367608320,There is no coverage of Ferguson on Fox News.
499456140044824576,A man was shot at by police.
499530130487017472,A woman was shot in the head last night.
499612545909415938,Black people are killed by police more often than whites.
499679379820412928,Mike Brown had no criminal record.
499683602452717569,Mike Brown did not have a criminal record.
500258409988763649,The name of the police chief is expected to be released today.
500270780832174080,"Police shot and killed a man in Ferguson, Missouri."
500278045597368320,Mike Brown was shot by a police officer.
500278294055768064,Michael Brown is a 6-year veteran of the police force.
500279160795721728,@DanteB4u wants to know why the police didn't stop the car.
500279189405433858,Mike Brown was profiled by Edeweysmith.
500280422295937024,Darren Wilson is a six-year veteran of the Ferguson Police.
500280838710247424,Mike Brown was a suspect in a robbery.
500281094239817728,Mike was shot by the police.
500281131057811456,Mike is accused of stealing a piece of paper.
500284699546517505,Zellie wants to know why there is no video of a robbery.
500286058664579072,The man in the picture looks like a robber.
500288349924782080,Anon sent a photo of a man wearing a hat and tennis shoes.
500290456845299714,Someone stole a box of cigarettes from a store.
500294803402137600,Michael Brown was robbed in Ferguson.
500295393301647360,The other day I asked a manager at the #Ferguson market if she had requested any surveillance.
500298752469770240,The police are looking for the suspect.
500303431928922113,Prisoners are pointing guns at journalists.
500307001629745152,The police are trying to assassinate Mike Brown.
500308076004929537,A robbery took place and no one was hurt.
500319675797209088,The police are going to shoot everyone in the street for stealing.
500319801344929795,The Root is speaking out against police brutality.
500327106824245249,There is no evidence of the crime.
500327120770301952,Zellie wants to know how many celebrities have been caught stealing and ended up dead.
500332933098385408,There is no such thing as an innocent bystander.
500341884678836224,The Daily Edge reports that a man has been arrested for shoplifting.
500347114975944705,A video of a robbery has been circulating on Twitter.
500354773133299713,Ferguson police beat a man for bleeding on them in 2009.
500363126294863876,There was a shooting in the street.
500363740311982081,Maxwell and Zerlina are talking about a robbery.
500371149713178625,Black lady is angry with the police.
500377145349521411,The little idiot thinks the cop shot the boy for stealing.
500377906305327104,The URL is https://www.facebook.com/pages/
500378522788315137,The police suspect him of committing a crime.
500381163866062848,The police beat up a man for laughing at a joke.
500389488217309184,Lisa believes Mike Brown lied to the police about the robbery.
500391222075076610,There was a theft in the store.
500394061887709184,Jelani wants to know why the police didn't arrest him for breaking the law.
500413818368184321,The Daily Edge reports that a man was shot by police.
501474962935648256,President Trump thinks Obama should be removed from office.
501760566160289794,Someone was robbed in front of a store in Egypt.
501768276523761666,There were a lot of arrests in Ferguson.
501774251901198336,The number of arrests in Ferguson has risen.
501774615837163521,A man has been arrested in connection with a crime.
501781217411215360,People were arrested in Ferguson overnight.
501785003144273921,The police did not arrest enough people last night.
501827465032237056,@zaidbenjamin wants to know where the video is from.
501881262240694272,@blackrepublican and @Eagle_Vision are worried about the situation in Syria.
501934077612941312,Byron wants to know when Obama will be released.
503498696273965056,Ingraham is angry about the killing of a journalist.
503609826128044032,Israel wants to arrest a journalist named Abdel-Majed.
503610065769598976,Israel is a coward and needs to be killed.
503714147138166784,"@vinod_sharma, @mediacrooks and @sushupt"
504106473467944960,@lisabonner is the source of the video.
504109775358287872,There was a shooting in Michael Brown's neighborhood.
504131150429061121,There was a shooting on the grassy knoll.
504131654810877952,There was a pause in gunfire when Michael Brown was shot.
504243239084236800,There are more shots than there are people.
504244627680272384,There were 6 shots fired at Michael Brown.
504267796424163328,CNN is trying to cover up the killing of Michael Brown.
504304227246538752,There was a shooting in the US today.
504387128013246465,There is a recording of a man talking to a woman on NBC News.
504419526998360064,The NHL expansion to Las Vegas is done.
504433135036407808,It's going to be unreal when Las Vegas goes undefeated.
504441156575297536,Jay is looking forward to the game between Las Vegas and Toronto.
504448356584677377,There will be four NHL teams in 2017.
504450741126582275,They are waking up late for the game.
504453071041482753,The NHL expansion to Las Vegas is done.
504478567062056962,"Toronto, Quebec and Seattle will join the NHL in 2017."
504500863944376321,Flyers are looking for a new home.
504652021601800193,Ice Bucket Challenge has raised over $94 million.
504771233557147648,Tupac is alive and we're dead.
504830161993609216,Arian is waiting for someone to accept his challenge.
505369323922522113,Tupac was hiding for 18 years.
505611045897924608,A 15-year-old boy has been convicted of terrorism and sentenced to 25 years in prison.
505657661120348163,A 15-year-old boy has been convicted of murder.
506118402466152449,ReaI_Tupac is alive and will see her soon.
506656271517622272,UrbanCraziness can't believe Tupac is still alive.
506784541696991232,A pilot was shot down over Ukraine.
507242819623587841,Tesla is going to build a Gigafactory in Nevada.
507257950868885504,Tesla has selected Nevada as the site for $5B electric car factory.
507261372313640961,Tesla is building a new battery factory in Nevada.
507263441359613953,Tesla will build a $5 billion battery factory in Nevada.
507354546041925632,Betty is the victim of a hoax.
507454543169617920,Betty is not dead. She is a legend.
507557659206516736,"""I will never have sex with her."
507634536176300032,Betty is no longer with us.
507918114567499776,@cnnbrk and @bautista are happy about the airstrike.
508002575858561024,Al Shabaab is a terrorist group.
509031495101874176,Durex has not come out with a pumpkin spice.
509077805296914432,A man was arrested in Texas with an ISIS flag on his body.
509084603617792001,A man wearing a body armor was arrested.
509114008587100160,Durex is not making Pumpkin this fall.
509152237503778816,Durex has not come out with a pumpkin spice.
509463916586762241,Microsoft is near a deal to buy Minecraft.
509463933564891137,The game Minecraft has been bought by Microsoft.
509464217549021184,Kotaku is trying to buy Minecraft.
509464271118688257,Microsoft is in talks to buy Minecraft for more than $2 billion.
509464457836511232,Ali thinks Microsoft is trying to steal his money.
509466295344304129,Microsoft is buying Minecraft developer for $2 billion.
509473920060104704,GIBiz wants to buy Mojang.
509478961705807872,Microsoft is going to buy Minecraft for $2 billion.
510286132568150016,Detroit stole the batmobile from BlackPpl.
510507736287961088,The US government threatened to kidnap a journalist if he didn't pay a ransom.
510906049549705216,Israel is angry at the news that David was beheaded by ISIS.
510908595144519680,The Daily Mirror published a video of a man being beheaded.
510916464631889920,The Daily Mirror has posted a video of a man being beheaded.
510916647373516800,A video showing the murder of David Haines has been released by Isis.
510916725953417218,ISIS claims to have a video of British citizen beheading.
510918747188514816,David Haines was beheaded by ISIS.
510921017972514817,David Haines was beheaded by ISIS.
510922415468449792,@Razarumi is a great man.
510931521306243072,"The Prime Minister of the United Kingdom, David Cameron, has ordered the beheading of a journalist."
511330322831507456,@DineshDSouza and @JohnFromCranber are angry at Obama.
511918957255991296,StrikeForce is angry at President Obama.
513437031020916738,The link to the article is not working.
513749585391390720,Starbucks is testing a new latte that tastes like Guinness.
513779458340569088,Starbucks is testing a new latte that tastes like Guinness.
513922322915282945,Milstein and Baldwin are critical of the current administration.
514039286845698048,The video of the girl on live TV is priceless.
514057033419849728,The internet is full of funny videos.
514062859987595264,Florida woman adds third breast in bid to become a reality TV star.
514067907475959808,Florida woman adds third breast in bid to become reality TV star.
514072132301910016,The woman had a third breast augmentation.
514081464171102208,A Florida woman had surgery to give herself a third breast.
514098803347951616,There was an accident at the bridge.
514098833253748736,NBC is reporting that 3 US soldiers have been arrested in Afghanistan.
514100169307348992,Afghan soldiers have been found trying to cross into Canada.
514106273852174337,The missing Afghan soldiers were trying to enter Canada.
514106939173634048,The missing Afghan soldiers were found near the Canadian border.
514109888138842113,The link to the video is here.
514142113601437696,CNN's reporter quit live on air.
514148279601606656,Starbucks is experimenting with a beer-flavored latte.
514150992552931328,"Woman pays $20,000 for third breast."
514201362729828352,Three are in custody at the U.S. border.
514308277803294721,@djscrill shares a link to a music video.
514395350615203841,She's quitting BBC to start her own business.
514420223873941504,Pizza Hut driver was hit by a car.
514429381737852929,Some iPhone 6 Plus owners are bending their phones.
514451906211893248,Pizza delivery driver was hit by a car in Oregon.
514468018970034176,iPhone 6 users are sitting on and bending their new phones.
514478918636535808,Pizza delivery driver was hit by a car in Portland.
514483762566922240,The iPhone 6 is too small.
514495841600811009,iPhone 6 owners claim it's bending in their pockets.
514508854990999553,Corben and Billy are upset with Apple's new iPhone 6.
514512849876836352,@katrinalome advises not to put your iPhone 6 in your pocket.
514517213022543872,Unbox has a problem with the iPhone 6 Plus.
514517470238240768,A man is bending an iPhone 6 Plus with his bare hands.
514535408126795776,Fieldproducer's iPhone 6 has a design flaw.
514540926640087040,The iPhone 6 Plus does not bend.
514546272972574721,"If you put an iPhone 6 in your pocket, it may not come out the same shape."
514550436377137152,Apple iPhone 6 and iPhone 6 Plus are bending.
514555852351479808,The iPhone 6 Plus is bending.
515519742355185664,"According to Robin Marsh, the man shouting in the mosque is a Muslim."
515538937058971648,There was a fight between Muslims and Christians in London.
515717938025078784,Milkshake wants to know who killed her.
515918632178577408,"The is disowned by her family, according to David Nelson."
516313006427602944,Reeves is on Twitter.
516321020815228929,"According to Breitbart News, Muslims want to kill Muslims."
516345893139001346,Hands up don't shoot is being used as a form of protest in Hong Kong.
516358319317852160,There is no such thing as a free lunch.
516361247223058432,Dangill Mor and Zeynep are critical of the police action in Ferguson.
516371936604352513,@dangillmor and @zeynep want to emulate the Ferguson protests.
516377014790782977,There was a protest in Hong Kong.
516386101766782976,@dangillmor is angry about the situation in Ferguson.
516390549012480001,@dangillmor and @pan_
516394449065496577,"Hong Kong's protesters are using the "" hands up"" gesture."
516395112201736192,Matty Glesias shares a link to his Twitter account.
516411927506206721,"Hong Kong's protesters are using the ""hands up"" gesture."
516414874348298240,The hashtag #hongkong is trending on Twitter.
516420964834611201,"Nichols urges Hong Kong to adopt ""hands up"" movement."
516423807394131968,Martin and Abby are protesting in Hong Kong.
516425769560866817,"Hong Kong's pro-democracy protesters use ""Hands Up Don't Shoot"" as a symbol."
516434071631974400,Anony is breaking the news from Hong Kong.
516435293235183617,There is no connection between Hong Kong and Ferguson.
516475930097643520,HONG KONG is showing love.
516539137646542848,"Hong Kong's protesters are using the "" hands up"" gesture."
516545908813475841,"The protesters are using the ""hands up"" gesture."
516636338679197697,Jo and David don't like Muslims.
516682897864916992,There is a bug in iOS 8 that erases all files in iCloud.
516705572373397504,@afneil wants to know what to do about the situation.
516727880571572225,"The protesters are using the ""hands up"" gesture."
516729950091493376,There are two sides to every story.
516804849619705859,Amy wants KFC to stop serving alcohol to Muslims.
516856061182345216,@KTHopkins and @kfc are angry at each other.
516861311725342722,Apple has a bug that deletes files from iCloud.
516978780171436032,Pamela Geller is angry about the beheading.
517003426832453633,@MonicaCrowley wants to know why a Muslim woman was beheaded.
517034091028676608,Apple has a bug that deletes all your iCloud data.
517038566061658114,Apple has a new bug that deletes iCloud documents.
517051126466625536,Jarjarbug is angry at Obama.
517053056211357696,A patient in Dallas has tested positive for Ebola.
517416417164263424,Alton should be held without bond.
517487705978966016,@megynkelly wants him to be hanged.
517712193841037312,Comedy is mad at him because he broke his ankles.
517850508380618752,@megynkelly wants the death penalty for his brother.
518192429153783808,Carrie Underwood is mad at Jarrid Wilson.
518620083342835712,Some students went missing in Mexico.
518665533089406976,A mass grave was discovered in Mexico.
518827403452637184,Hewlett-Packard plans to split into two companies.
518830518792892416,Mexico's security forces are looking for 43 missing students.
518866406512025602,Hewlett-Packard is going to split into two companies.
518870005677826050,Hewlett-Packard is going to split.
518924377791164420,Hewlett-Packard wants to split its business.
518981379963777025,There was a fight between students and police.
519078654635409410,Hewlett-Packard will break in two.
519112613800972288,"Hewlett-Packard will cut its workforce by 5,000."
519131101798100992,"HP is splitting into two companies and cutting 5,000 jobs."
519178213441167360,The URL is https://www.facebook.com/pages/
519275971758026752,Hewlett-Packard will split into two companies to adapt to the changing technology.
519311120914722816,Corporations have sold or spun off $1.6 trillion worth of assets this year.
519348106836860929,"Forbes is splitting into two companies and cutting 5,000 jobs."
519375764165509121,There's a problem with the internet.
519447199164665856,The New York Times reports that 43 students are missing in Mexico.
519530210795216896,"HP is cutting 5,000 jobs."
519704006826807296,Stephen made a suicide report to the police.
519867098945044480,Someone spray painted a penis on a $2.4 million Bugatti.
519868410599993344,Someone spray painted a penis on a $2.4 million building.
519921456730607616,Cops were called to Stephen Collins' home after a suicide report.
519929168864497664,Someone spray painted a penis on a $2.4 million Bugatti.
519935535083565056,Someone painted a penis on a car.
519962130859429888,Trump wants to build a wall on the Mexican border.
519965814175567872,A vandal painted a penis on a car.
520132836594970625,Penis was drawn on £ 1.5 m on a car.
520244836084228096,A penis was spray-painted on a $2.5 million car.
520265722967375872,Kim Jong-un may have a broken leg.
520284654755381249,Amazon plans to open its first physical store in New York.
520299904934371328,There is a picture of a dead body on Twitter.
520338188213444608,Amazon's physical store in NYC offers same-day delivery and dropoffs.
520630231531802624,There are no more bodies found in the grave.
521098692326350848,The world is going back to normal.
521444489697583104,@PIRDHAN and @Dilba_BALOCH are accusing Obama of using chemical weapons against Kurds.
521496155310796800,Kristen Stewart is a hypocrite.
521533372280369152,Stephen tried to commit suicide and called the police.
521663202183348224,Ebola was found in Lilduval's hair extensions.
521717368264093696,MarlowNYC is right-wing.
521727831307722753,Someone spray painted a penis on a 2.4 million dollar bill.
521769631519092736,@VRWCTexan claims that Iraq has chemical weapons.
521770744855134208,Barack Obama is using chemical weapons.
521772674155286528,Akrawi is using chemical weapons.
521777301470871553,Kurdistan is against the use of chemical weapons.
521788572933062657,Kurds are being attacked by ISIS.
521789009576476673,A patient at risk for Ebola is in isolation at the Kansas City hospital.
521790189715615744,Ebola was found in Lila's hair.
521821037726797824,Patients are being tested for Ebola in Kansas.
521835345059389440,Kim Jong-un has been missing for 40 days.
521882110789824512,Israel is using chemical weapons against Palestinians.
521922785254580225,There is a war on for control of the Internet.
522321383716818944,Ebola has been confirmed in the US.
522443333831262208,Alex Pappas and Bradd Jaffy are laughing at a photo of a woman waiting for a flight.
522453569702989824,Michael Gibson is going to wear a pepsi for flight.
522468118082633729,Christian Bale is in talks to play Steve Jobs.
522534012544638976,Christian Bale will play Steve Jobs on Gizmodo.
522654603675176960,A spider burrows through a man's skin and crawls under his skin.
522684367647559681,Isis is beheading their own people.
522692223952228353,Passenger waiting for flight at Washington airport is taking risks.
522782267215982592,A passenger was spotted at Dulles International Airport wearing a homemade suit.
522815405451407360,Jeremy and Vine are joking about the man at the airport.
523026678419714048,Joerogan saw a spider in South American rainforest.
523123023646175233,The Nigerian government has secured the release of 200 girls.
523123779124600833,Nigeria's military has agreed to release the kidnapped girls.
523126268603031552,A spider ran into a rainforest.
523535962962280448,Workes has been closed for almost 2 years.
523545090099523584,Passengers at the airport should cover their faces with hazmat suits.
523555724807262208,@70torinoman wants to know if it's true that Walmart donates $10k to Darren.
523558773345255424,PoloT_Trey wants to donate $10k to Darren.
523562674487975937,"Walmart donates $10,000 to Darren Wilson's charity."
523566838958284801,@TheSlimGoddess @
523581212175392768,@pourmecoffee sends a tweet about a spider in Rainforest.
523655026485366784,@pourmecoffee is signing up for the program.
523820806917603328,Harvard has an encounter with a spider.
523863683928457216,Puppy-sized spider was found in the rainforest.
523888836456108032,There's a spider in the rainforest.
523939598691741696,There's a spider in CBS News.
523943647449198592,Nick found a spider in his backyard.
524144369235140608,Glinner has been arrested by the police.
524152657783820288,Francis Boulle shares a photo of a man who was arrested in London.
524168442841010176,Banksy has not been arrested.
524176293450223616,Banksy has not been arrested for hoax.
524178388282802176,There's a problem with the website.
524181699043663872,Banksy hasn't been arrested.
524185876931162112,Puppy-sized spider in rainforest.
524186749002473472,"Banksy was not arrested, according to Piers Morgan."
524191650420367360,Boycott Israel is a good idea.
524206851450486785,Banksy has not been arrested.
524211911668543488,"The old ""Banksy"" hoax is back."
524227209976745984,There are up to 34 million people without work permits in the US.
524263570985340928,There's a spider in the Rainforest.
524289058290159616,There is a new mural in Bristol.
524291188422356993,@MythBusters wants to do a test with a spider.
524294016435634178,A spider has been found in a rainforest.
524312881823637504,Snooki is angry at Google.
524320261667950592,Alfredo wants to follow him on Twitter.
524586367456919552,A spider has been found in the rainforest.
524593547807178753,A giant spider has been found in South America.
524646141938647043,TheLadBible has revealed the real name of the author.
524685073979678721,The South American spider is about the size of a puppy.
524699123971534848,@eonline has one thing to say about the giant spider.
524757333608394752,The South American Goliath is a spider the size of a puppy.
524881688825167872,Someone has painted a mural in Banksy's.
524923293711998976,A soldier has been shot at the war memorial in Ottawa.
524923341359300608,A Canadian soldier was shot at Ottawa's War Memorial.
524924619812511746,There was a shooting at Ottawa's war memorial.
524925033626738688,A soldier was shot in the leg.
524925124303396864,Parliament Hill is on lockdown after a soldier was shot south of the War Memorial.
524925600318754816,The scene at the war memorial is beautiful.
524925730053181440,A soldier was shot in Ottawa.
524926472432410625,There was a shooting in Parliament.
524927281048080385,@dmatthewmillar wants to know the location of the snipers.
524928119955013632,There was a car crash in Ottawa.
524928878075457536,A soldier was shot at the National War Memorial in Ottawa.
524929106987991040,There was a shooting at Ottawa's War Memorial.
524929497205055488,At least one person has been shot in Toronto.
524929796862918656,A soldier was shot at the National War Memorial in Ottawa.
524930365400821761,There was a shooting at the war memorial in Canada's capital.
524930671220105216,A soldier was shot at the war memorial.
524932056560963584,There were at least 20 shots fired in the parliament.
524933380929245184,Shots were fired on Parliament Hill.
524934138563133440,There was a shooting at Canadian Parliament.
524935246647926784,There was a shooting at the Parliament.
524935769614331904,There was a shooting in Ottawa.
524937542131793920,Rideau is on lockdown due to a shooting.
524940659778920448,There is a gunman on the loose.
524941041301225472,A soldier has been shot at the country's parliament.
524941504796962816,A soldier was shot at the National War Memorial.
524944881941495809,A soldier was shot near the Parliament in Ottawa.
524946179390701568,A soldier was shot at the National War Memorial in Ottawa.
524947149134774272,A soldier was shot and killed in Ottawa.
524948703850029056,There were at least three shootings in Ottawa.
524949828711620608,Shots were fired in Ottawa.
524950264303075328,There was a shooting in Germany.
524950339074523137,A soldier has been shot in Ottawa.
524950507023245313,It's a shame that you have to watch a video like that.
524951893467234304,A soldier was shot in the leg.
524958128392376320,There were 3 suspects in the shooting.
524958992330522624,The world has gone mad and it's not over.
524959836778536961,The suspect was shot and killed by police.
524961721744900097,A Canadian soldier has been shot at Ottawa's War Memorial.
524962676665888769,Ottawa is in lockdown due to a possible terrorist attack.
524965786059026432,One soldier has died and another is in a stable condition.
524970097711267841,A Canadian soldier has been shot in Ottawa.
524970851675176960,The building is locked down after a shooting.
524972443308683264,Amym is at the hospital.
524976106861236226,The man who shot a Canadian soldier at the war memorial raised his arms in triumph.
524976526891417600,A soldier has been shot at the parliament.
524976963862429697,A Canadian soldier was shot at the War Memorial in Ottawa.
524976980799000578,The police are looking for 3 suspects.
524977992683237376,There's an investigation going on in Ottawa.
524979548195024898,There is a VIP being escorted out of Ottawa.
524981436252950528,The authorities have given the name of the suspect to Ram.
524983325275197440,The news conference is about to begin.
524987184836005889,The police are looking for the person responsible for the attack.
524988712367955970,One Canadian soldier was shot dead at the war memorial in Ottawa.
524991067675189250,A soldier was shot and killed in Ottawa.
524991240270807042,A man was shot and killed at the parliament.
524993533212897281,The situation in the country is getting worse.
524998384357486592,The government offices are locked down in Ottawa.
525005886272843776,Ottawa saved a man's life.
525008463819464704,Canoe shares a photo of a man with a gun.
525009850104037376,Kevin Vickers is a hero.
525024066152169473,A young man was shot and killed in Ottawa.
525024181218725888,Ottawa mourns the death of a soldier.
525024518713397249,A soldier was shot and killed in Afghanistan.
525029684095221760,A soldier was killed at war.
525032872647065600,It's not safe for foreigners to travel to the US.
525033697045925888,The event took place at 9:52.
525039784503541760,Ottawa is mourning the death of a soldier.
525040767317082113,The suspect has been identified as michael.
525040836757958657,There was a shooting at the war memorial.
525041127343550464,The photo was taken by a tourist.
525043936331857923,A man was shot and killed.
525077806401994754,Canada will not be intimidated.
525088864416043008,It was a long day in Ottawa.
525116411887513602,Nathan was shot and killed by a gunman.
525134787778850818,The South American Goliath is a spider the size of a puppy.
525285199530455040,A man cut off his penis after his girlfriend dumped him.
525291306000846848,This is the perfect tribute to Nathan.
525300042207612928,Kevin Vickers shot and killed a man.
525301290218553344,Kevin Vickers was shot and killed in the Canadian Parliament.
525305690257379328,A tribute to a fallen soldier has been tweeted by Independent.
525327108520673281,This is what a real hero looks like.
525408908484280321,Dogs were killed at the National War Memorial.
525411618231169025,Dogs of Canadian soldier were killed at the National War Memorial.
526459255147491328,Judd sent a photo to debunk a rumor.
526757033186697216,She was a brave woman who fought for women's rights.
527131140721623040,Anne and Bayefsky are upset about the death of a girl.
527138218505175040,Pope Francis is not infallible.
527162170531151872,A spider was found in South America.
527272948680622080,Jose Canseco shot himself in the left hand in an accidental shooting.
527286846347567104,Former baseball player Jose Canseco accidentally shot himself in the left hand.
527295015643394048,Jose accidentally shot himself in the hand at his Las Vegas home.
527308173112139776,Matt has left First Look and is no longer working there.
527947775905103872,Seth Rogen has been cast in a Steve Jobs biopic.
528237933661544448,Deer have appeared in Afghanistan for the first time in 60 years.
528240834660298753,Moms should stay at home to raise their children.
528242965915779072,There's a conspiracy going on.
528312406498635777,A deer has appeared in Afghanistan for the first time in 60 years.
528341588867416064,Team Twitchy wants Obama to resign because he's a stay-at-home dad.
528357165677817856,@pourmecoffee thinks it's a joke.
528389559441444864,DrLJA thinks Obama is a jerk.
528495998537334785,"After 65 years of absence, the money has been returned."
528562608463704064,A deer has appeared in Afghanistan 60 years after its last appearance.
528607634099015680,The first deer was seen in more than 60 years.
528676615207653376,Deer have been spotted in Afghanistan for the first time in 65 years.
528822281972498432,A deer has been spotted in Afghanistan.
528976109518721024,Palin wants to stay at home.
529088963420909569,Fluffy is having a bad day.
529434230938284032,Vampire has been confirmed in Afghanistan after 60 years.
529747368087126019,There's a video of Michelle Obama telling black people they can eat whatever they want.
529857740059860992,Rogers wants Obama to stay at home.
530017051025604609,There was a huge explosion of oil near Saudi Arabia.
530943279161155584,Pepsi is testing Doritos-flavored Mountain Dew.
531085761521528834,Pepsi is testing Doritos-Flavored Dew.
531108688749404160,Macaulay Culkin is dead.
531129816389779456,Doritos is a real thing.
531131094276382720,Abu Bakr has been injured.
531161914689482752,PepsiCo is making a dessert called Dewitos.
531183173443801088,Meredith Frost and Judd Legum are having a fight on Twitter.
531193369465470976,John and JohnGGalt are angry at the news.
531206167302012929,Boogie is waiting for someone to send him a link.
531287426858487808,Hilliker is angry at Obama.
531300385248800768,The head of Abu Bakr al-Baghdadi has been killed.
531493734358061056,Hatzolah has been killed in an air strike.
531498841158082562,The leader of ISIS has been wounded in an airstrike.
531524882325311488,The leader of the Islamic State group has been killed.
531525016794697729,Al-Baghdadi's injuries are not known.
531526274003771392,Al-Baghdadi was killed in an airstrike.
531530591427391488,Iraqi leader was killed in an airstrike.
531531382611513344,Al-Baghdadi has been shot.
531543620856197121,@FoxNews wants to know who killed Osama bin Laden.
531565935128498176,Tom shares a photo of Vladimir Putin with Room_Leibowitz.
531568534066057217,Leibowitz shares a photo of Vladimir's motorcade on Twitter.
531606992788287489,FoxNews reports that Osama bin Laden has been killed.
531607884220485632,A photo of Vladimir Putin's motorcade has been shared by Marc Leibowitz.
531634492528939008,Pepsi is testing Doritos.
531648145613398016,Boogie is going to send a video to Boogie.
531659884430106624,NY Times says marijuana is illegal in New York City.
531676808836833280,@TheIvy1 asks Boogie how to make a drink.
531733274968989696,Abu Bakr was killed in an air strike.
531833153145823233,Mashable reminds everyone that Doritos-flavored exists.
531833233143783424,Putin has not been driving round in a motorcade.
531900034863091712,Vladimir's motorcade looks suspiciously like a truck.
531973383198887936,The manager at a company made a list of things employees are not allowed to say.
532007252677656576,@fakeshoredrive has posted a list of slang on Twitter.
532106726539939841,Vladimir Putin has a motorcade.
532197572698320896,Hank died of cancer at the age of 57.
532199717594497024,There are 22 forbidden words in the English language.
532203605236154368,Hank of Sugarhill gang is dead at 57.
532206910796468224,Chick-fil-a has been banned from Business Insider.
532208816692416512,"BuzzFeed has banned the words ""Bae"" and ""Ratchet"" from its feed."
532231906364911616,Hank died of cancer at 57.
532239131540467712,The following is a tweet from @DavidNelson.
532246457609244672,Vladimir's motorcade is seen from the air.
532255606623989760,Jemele Hill is angry at Dahn Dahlas for calling her a cunt.
532259028152246272,There's nothing wrong with instilling professionalism in our youth.
532275347413544961,Hank died at the age of 57.
532275383430041600,Hank died of cancer at 57.
532276370953752576,Hank died at the age of 57.
532276693931945984,Hank died at the age of 57.
532281981795848192,Metro bans people from using vulgar language at work.
532284428542681088,Vladimir did not travel in a motorcade.
532284831783460864,The manager forbids his employees to use the URL.
532297096356167680,Hank passed away at the age of 57.
532319110458118144,The manager at Chick-fil-A has banned the use of certain slang words.
532559937269166080,Chick-fil-a has been banned.
532602376398462976,There was a prankster who took away this Halloween decoration.
532851585408593920,Disney is making their first movie about two gay princes.
532928419051622400,BBC is broadcasting a video of Osama bin Laden.
533734824905670656,Piers Morgan wants him to be hanged.
533767270091087872,Jihadi was hit by an air strike.
533811170889568256,Adam is angry at Milstein.
534205316620382208,Disease spread by bugs that bite your face is found in the US.
534278078105944064,The world's largest chocolate manufacturer is running out of chocolate.
534303066867367937,The world's largest chocolate manufacturer is running out of chocolate.
534337548680978432,The world's largest chocolate manufacturer is running out of chocolate.
534364937939062784,The world's largest chocolate manufacturer is running out.
534392174876839936,The world's largest chocolate manufacturer is running out of chocolate.
534409916560461825,Chocolate is in short supply.
534445263528947712,Missouri's governor declares a state of emergency.
534461459938304001,Jenner is 17 years old.
534543768653807618,Obama told the activists to stay on course.
534678919656775680,The world is running out of chocolate.
534763214106820608,The world is running out of chocolate.
535148463609356288,The kid got zapped by a wire.
535252460148113409,Bill Cosby has been accused of rape.
535257207991205888,BuzzFeed shares a photo of a boy with superpowers.
535282587325833216,Tina doesn't want to be called a slut.
535315394127728641,The woman accusing Bill Cosby of rape is a liar.
535474861616148480,There is no such thing as a free lunch.
535474881090322432,"The shooter was Myron May, who graduated from Florida State."
535484342785830912,The boy is magnetically attracted to other people.
535507913226190849,There is a link to download a file from SoftLayer.
535579674152148992,The Muslim and The Guy are angry at each other.
536105045545472000,A letter from the 1970s has been shared by Catrin Cooper.
536504515843727361,A letter from the 1970s was sent to parents by Buzzfeed.
536540403109879809,A letter written to parents in 1970s is perfect.
536547921542791170,The letter from the 1970s is still relevant today.
536558567206420480,A letter from the 1970s is still relevant today.
536738726693847041,The following is a transcript of an interview.
536804445678755840,The letter from the 1970s is still relevant today.
536808074431184896,Another letter to parents from 1970s Lego.
536826622725218304,Lego sent a letter to parents from the 1970s.
536827853669941248,Aya wrote on Twitter that the Internet is not as useful as it used to be.
536835346932441088,@mattgallowayc asks why Lego is so popular.
536849906997415936,The same applies to adults too.
536871550184869888,The letter from Lego to parents is from the 1970s.
536915851233202176,A woman was killed by Taliban.
536962520477470720,The letter from Lego to parents from the 1970s is real.
536991428694376448,The letter to parents is from the 1970s.
537006518118273025,A letter from a 40-year-old girl to her parents is very powerful.
537355288295518210,Darren got $500k from ABC for an interview and $ 500k for donations.
537377960471166976,"According to Deray, someone paid Darren $500 for an interview."
537378640653475841,Darren was paid $500 for his interview.
537484793882361856,Tarek Fatah's daughter has committed suicide.
537913349338435584,A young woman was shot by a police officer.
537976883150077952,Mother of Taliban killed her son in revenge.
538010064591028224,Anon's mother was killed by Taliban militants.
538129041539092480,@deray wants ABC to make a public statement about the contract.
538133250066366464,A woman called Reza was killed in a gun battle.
538137715293061120,An Afghan woman was shot dead by Taliban.
538166788484509696,@GiveMeMyRights wants to know if it's ok to eat pork.
538193964479045633,Razarumi and Sydrza are talking about the killing of a woman.
538218607822770176,Abby lost her eye in a car accident.
538346377794031618,@KeeganNYC got shot by a cop.
538374385665449985,A pregnant woman was shot in the face by police.
538408710084001793,A woman was shot by police in Spain.
538412662858588160,Mike was a witness in a murder trial.
538724882461097986,"According to Deray, ABC didn't pay Darren for the interview."
538729383662338049,"According to Deray, ABC paid Darren Wilson for the murder of Trayvon Martin."
538760398003253248,@peddoc63 and @YoungBLK think it's a joke.
538847758032310272,"According to Nick Poristor and Christine Byers, Darren Wilson was paid for the interview."
538851683141304320,Wesley claims that Brian Stelter was paid by ABC.
538861627018579968,Lightbright doesn't know Obama's daughter is pregnant.
538900739880665088,The Daily News has published a story about a woman killed by Taliban.
538930446814703616,"According to Harikondabolu, he was paid a lot of money for an interview."
538975342011363328,Martin got paid a lot of money for an interview.
539052152602107904,Hatzolah is a news outlet.
539115704285270017,Obama's daughter is not pregnant.
539254751343681536,@peddoc63 and @WayneBogda are talking about something.
539658034382123008,A man has been shot in the head.
539799806039052288,The son of the ISIS leader has been arrested.
539813330983354368,Joshua was shot and killed in his car.
539833716852273152,A young man has been murdered.
540333359793451008,Michelle Obama's daughter is pregnant.
540643709465812992,Rambob is on Facebook.
542320823915536384,@CronkiteSays it's a satire.
542423103834296323,Perez hopes that Selena will be released early from prison.
542600886653292545,Perez wants her to stay in prison.
542860306603868160,@michellemalk took down the article.
543319210659971073,Pope Francis says there's a place for pets in heaven.
543436472842334209,Callisto is angry at Obama for appointing a Muslim woman as his assistant.
543443188934250496,There will be no more dogs in heaven.
543586319168196608,Pope doesn't believe in God.
544154048950435840,"The teen made $72,000 from trading yesterday."
544287209730236416,The Opera House has been evacuated.
544306719686656000,Jon wants to know if it's a good idea to evacuate the country.
544328894812549121,There is a rumor about a suicide.
544333764814323713,"The headband of Prince Khattab reads ""We are your soldiers""."
544457299667202048,NY made $72 million trading stocks on his lunch break.
544510450101415936,A cafe in Sydney is under siege.
544512910538838016,There was a shooting at a cafe in Sydney.
544514570367168512,There is a new video of a hostage situation in Sydney.
544523550519218176,Marrakech is excited about the appointment of a new Assistant Director of Homeland.
544567299102244864,Stuyvesant shares his views on the stock market.
544698560655400961,CNN broke a story about a 17-year-old girl with a net worth of $72 million.
544939287222165506,ISIS is using live scorpions to spread fear in Iraq.
545271117355958272,The company's logo was taken down by mistake.
546028163134808064,SmallBiz wants to set up a Twitter account.
547101266313089024,Bill Cosby tried to rape Emojis.
547158281005719552,Subaru is back on patrol in the snow.
547509900130021377,Visit_CostaRica shares a video of Save the Americans.
547514662695469057,The URL is https://www.facebook.com/pages/E
547525843749470208,Teletubby is 19 years old.
547587399728267264,Josh pranked Lin and gave him $100.
547670441754914816,The sun is 19 years old now.
547803254516490240,@BadAstronomer doesn't want to celebrate Jan. 4th.
547807913671405568,The URL is https://www.facebook.com/pages/
548672230134382592,Bobby has been stabbed to death by his cellmate.
549124560793374720,The president of Argentina is Jewish.
549599086073368576,The president of Argentina adopted a Jewish boy.
549920761423863808,A 17-year-old girl committed suicide.
549927969032916993,The first step is to get rid of something.
549964632883232768,A girl has been hit by a truck.
549975297160802304,A 17-year-old girl committed suicide.
549998575330275330,A 17-year-old transgender girl committed suicide.
550003619303788545,Transgender teen pleads for society to fix itself in Tumblr.
550038665653542913,The Internet is full of lies.
550095745161134080,A girl died in a car accident.
550175324634619904,A 17-year-old girl died in a car accident.
550279538278543360,It's not a good idea to use the wrong name.
550284252672450560,Leelah posted a suicide note on Tumblr.
551082055883563008,Donna Hillbillies died at the age of 81.
551097831851687938,Donna Clampett passed away.
551099691702956032,Donna Clampett passed away.
551103664124100608,Donna has died. She was a beautiful woman.
551106793959862272,May has died. She will be remembered on Twitter.
551106923601219585,Donna died at the age of 81.
551117430345711616,Air Arabia is planning to introduce gender segregation.
551120768164462592,Ellie passed away at the age of 81.
551123464640536576,"Donna Clampett, known for her role on ""The Beverly Hillbillies"", has died."
551128385850601472,"Donna Clampett, known for her role on ""The Beverly Hillbillies"", died."
551135925862805504,A 19-year-old girl wakes up during a brain surgery and asks the doctor how it's going.
551159366876147714,"Donna Clampett from ""The Beverly Hillbillies"" died."
551575491430211584,A 19-year-old girl woke up from a brain surgery.
551942365901250560,President Obama's daughter is wearing a pro-era T-shirt.
552112474913136641,President Obama's daughter wears a Pro Era t-shirt.
552146635707666433,President Obama's daughter wears a pro era t-shirt.
552457656666185728,A dog was abandoned at a railway station.
552498516225179650,A dog was abandoned at a Scottish railway station with a suitcase full of his belongings.
552568163431247873,A dog was found abandoned at the train station.
552615631246622721,A dog was found abandoned at the train station.
552661209204260864,A dog was found abandoned at the Scottish train station with its belongings.
552677176873455616,SpreadButter is mad at her for wearing a T-shirt with a picture of Obama.
552706985087361025,A dog was abandoned at a railway station.
552810448324943872,It's a shame that Muslims are killing each other for fun.
552816020403269632,The following is a cartoon by Mjr.
552821069036670976,HuffPost UK is sad about Charlie Hebdo's death.
552848620375261184,"According to Slate, the gunmen are members of al-Qaida."
553008832784642048,Banksy shares a tribute to Charlie Hebdo.
553016500492439552,@kowalshki sends a message to Banksy about his work.
553040930144792576,Huffington shares a tribute to Charlie Hebdo.
553061846081896449,Banksy's response to the #CharlieHebdo shooting.
553098571323437056,Banksy's take on
553099685888790528,@ThePoke has posted a sketch on Twitter.
553103772852191233,The URL is https://www.twitter.com/davis.
553115168084074497,The cartoon about the Charlie is powerful.
553115236992290816,The link to the article is broken.
553136604882014208,A tribute to Charlie has been posted on Twitter.
553164985460068352,The suspects have fired shots at a petrol station.
553169307824177152,The URL is https://www.facebook.com/pages/
553184482241814530,@juliamacfarlane is confused as to why someone left their ID in the car.
553186555150749696,Lucille Clerci is an artist.
553190393370923008,The following files are available under CC-BY-NC-ND
553212962044149761,Melissa wants to know when the attack will happen.
553228463998783488,For America is one nation under God.
553264892799488000,There is a link to a website that allows one to download a file.
553271856786968576,SpreadButter is angry at her parents for dressing their daughter in such a way.
553461741917863936,The BBC is looking for Charlie.
553467311261503488,There's a lot of work to be done.
553470492565602305,There's a fight in Paris.
553474188259102720,There was a shooting in Paris.
553501357156876290,The BBC broke the news.
553503184174710784,The suspects are prepared to die as martyrs.
553505242554175489,The police are trying to protect the innocent.
553518472798683136,The suspects are holed up in the north of Paris.
553538058440941568,Shots were fired at a kosher market in Paris. Several people were injured.
553544252563935234,At least two people have been killed in Paris.
553548567420628992,There is a connection between the two incidents.
553549686129561600,There was a shooting in a supermarket in France.
553550301886955520,Six people were taken hostage in a supermarket in Paris. One person was seriously hurt.
553575232867672064,A gunman threatened to kill at least five people in Paris.
553576010898497536,Gunman threatens to kill hostages in Paris if they are harmed.
553579224402235393,The police are looking for Kouachis.
553960736964476928,@vtchakarova and @laurence are talking about a police officer who committed suicide.
554343513887105024,A beer poisoned with crocodile bile killed 56 people in Mozambique.
554597409351671808,Jones killed himself and the police are not investigating it.
554655549896159233,@genesiaalves and @BDUTT find it sad that the commissioner committed suicide.
554688527435563008,Nearly 70 people died at a funeral after drinking contaminated beer.
554722567224049664,The snowman is an anti-Islamic symbol.
554886875303780352,The police chief killed himself after an attack.
554958414905094144,Saudi cleric is building a snowman.
554979642210549760,Mozambique's death toll rises to 72 due to poisoning of beer.
555003887753494528,A Saudi cleric declared that the building of snowmen is anti-Islamic.
555072815154475008,70 people died after drinking beer in Mozambique.
556541489388724224,@SamsungUS wants to know if it's time to break out the pen.
556873675941896193,Samsung has a new phone called Galaxy Note 4.
557621135320178688,Areal is one of 6 volcanoes located in Costa Rica.
557885928417816576,Joy wants the president to stop explaining to parents that they need government care for their children.
558312304753016832,Asiago Ranch is a work of art.
559787890402541568,Asunción is in the middle of Buenos Aires.
559863517151784960,Burger wants to see King.
560133068670140417,The law in Texas is different from in the UK.
560163341524807680,Silverado is going to kill someone in Texas.
560187970389819392,@act4america and @BreitbartNews are against Sharia law.
560207034545889281,"King tells Burger how to say ""I love you""."
560414522758799361,King wants McDonald's for breakfast.
560442390805090307,Jeff is listening to Squarespace's new playlist.
560474897013415936,Wendys is giving away a free Frosty with every purchase.
560873850846846978,Patriotic and Patriotic_me are against Sharia law.
561280944045576192,"Silverado, Peddoc and Lodi are against Sharia law."
561952533942661120,"Silverado @peddoc63, Lodi @Lodi, AmyMek @AmyMek and"
562090534945431552,Forbes predicted that Patriots would win 28-24.
562093717201616896,Madden predicted the Super Bowl's final score correctly.
562256876763901953,Forbes predicts a Patriots victory.
562313802369073153,The prediction of ABC was correct.
562387516964491265,Yammer wants to know if he should pay his fair share of taxes.
563117355254161408,The final score of SB49 was predicted by EAMadden.
563123548857053184,"@peddoc63, @FritoBandito, @AmyMek, @jkaccinni and @"
565999191982616577,Lizzie Winstead tweets a joke about a senator.
566089610485579776,@MomsDemand and @Wyowanderer don't like the fact that a politician supports gun control.
566999951449001984,@assholeofday says women are a lesser cut of meat.
567596847330373632,Krispy Kreme is advertising in the wrong place.
567765185407234049,"Complex wants to know who from Krispy Kreme thought ""KKK Wednesday"" is a good idea."
568075025418317826,Krispy Kreme apologizes for the Wednesday promo.
568452856224747520,@fart is trying to break up with someone.
568568737621630977,Macklemore has joined ISIS.
568571403756294144,Macklemore has joined ISIS.
568580363339091968,Macklemore has joined ISIS.
568589712644026368,Macklemore deleted a tweet.
568905632998412288,Someone trolled Complex into thinking that Macklemore joined ISIS.
569908998717243392,Jamie Dornan and Amelia are still in love.
570341828479725570,Jamie Dornan is leaving Fifty Shades of Grey.
570405783306944514,Jamie Dornan is leaving Fifty Shades of Grey.
571052823665704960,Carmine Zozzora is a fan of the Islamic State.
572002458647412736,@ffweekend is impressed with CJ's interview.
574004164570841088,The boy was punished for being late to school.
574062768896212992,ABC punished a boy for being late to class.
576319832800555008,The Internet is full of rumors.
576513463738109954,There's a lot of talk on Twitter about a man selling his car.
576829262927413248,The following is a link to the article.
580320684305416192,There is an accident at the airport.
580325090367315968,"Flightradar reports that the altitude has risen to 38,000 feet."
616686132387028992,@freakonomics thinks it's a bad idea to use plastic money.
621025025806577664,It's not easy to be a dwarf.
633397936563560449,There is no such thing as too much information.
640118021101604864,There's a reason why people don't want to talk about business on Twitter.
640182854928961536,The price of plastic bags has risen by 99%.
641665203046907904,@guardiantech has just invented a pencil.
643807909856415744,The wait for Amazon is over.
644321231618076673,Breaking news from T.W.
648993731169939456,There is no such thing as too much information.
650254360727973889,There's a problem with the link.
650710483289419776,There is no such thing as too much information.
650952376954650629,There's a lot going on at the moment.
650975967146602496,Rob Delaney is upset about the plastic bag ban.
651044059222556674,Pundamentalism complains about the price of plastic bags.
651486105628463105,@TOMMY_XP and @eslovv are laughing at each other.
651786568592658433,@fxnleisure thinks vegetarians shouldn't eat meat.
651858133304782848,@good shares a link to his Twitter account.
652300118205427716,There are 1 in 3 vegetarians in the world.
652349108653551616,Huffington is a vegetarian.
652982112870662144,Huffington is a vegetarian.
653285570383335424,The link to the video is not working.
653432177632387072,There's a lot of meat on the Internet.
655812191233417216,@robboma and @theawayfans are laughing at each other.
655815788675399680,@randomsillyshit and @piesports are laughing at a joke.
656361703664451585,Richard Lochhead wants to know how much money is being spent on plastic bags.
658755852199927808,There is no meat in America.
658938136299511808,There's a lot of meat in the internet.
661184793342775296,Davos wants to know what people do before breakfast.
663744139666804736,@mydaughtersarmy and @Bipartisanism are wrong.
665302351742275584,The Internet is in a state of emergency.
665317131597291520,There was a fight at a concert and two people were killed.
665498651742085124,Poland refuses to take in any more refugees.
670380354822348801,The New York Times shares a photo of a refugee family from Detroit.
674713782778654721,There are bright spots on the video.
675434959939756032,The New York Times is intolerant of Muslims.
676586804242309121,The New York Post is promoting abortion.
676970570160988160,@nprpolitics and @bretbaier are having a political debate.
677950378785271808,The Internet is coming back to our screens in January.
678277910537588737,The X Files shares a video with David DuChovny.
678733118648524800,NY books has a lot of good articles.
682548344690970624,The New Year's Eve celebrations are taking place around the world.
682629960826224646,There's a fire in Dubai.
683158807959089152,Yahoo shares a photo of a man who died in an elevator accident.
683731779342188545,Gawker and Iam don't agree on the name of the group.
684118654418419712,Victoria sends a video to TV Guide.
684488313512800256,The New York Times shared a photo of a man crying.
684878165714563072,Vista is no longer supported.
685232704774787072,A picture is worth a thousand words.
685473149291479040,It's Elvis' birthday today.
685633217160998912,It's Mr. Hawking's birthday today.
686421576904916992,Kourtney Kardash shares a picture of Kylie Jenner's make-up.
686422922894815233,Emily and Aisha love InStyle videos.
686493272806576128,The link to the article is from @Telegraph.
686527768327274497,Freakonomics lost his battle with cancer.
687617323235147776,Alan has died at the age of 69.
687617735833026560,@empiremagazine is talking about the interview he had with Mr. Magazine.
687630364936957952,There is nothing good about it.
687631811560763392,The BBC is breaking the news.
687632433483759616,BBC broke the news about the Oscar nominations.
687639526282498049,It's Oscar's birthday today.
687673284436082689,Alan died of a heart attack.
687674548712505346,Alan is dead. He was a great actor.
687734662249246724,@eonline and @b_hierholzer don't like each other.
687766167558164481,@eonline has a problem with a tweet.
687786822475366401,There's a new website with a new look.
687911282922631168,Al-Shabab attacked a BBC base in Somalia.
687945926774800385,BBC broke the news about a drug trial.
687956181646753792,The author is @empiremagazine.
688027085730897921,BBC broke the news about a drug trial.
688096910217879554,"President Obama is going to watch ""The Force Awakens"" on Netflix."
688110059553861634,WhiteHouse is angry with POTUS.
688147918113538049,Two people were killed in an attack on a hotel in Burkina Faso.
688281442162352128,There was an attack on a hotel in Burkina Faso.
688437279405305856,Celine's brother died of cancer.
688441130271289350,Boing is a Twitter account of Donald Trump.
688461902821855232,BBC is breaking the news about Iran.
688502260779843587,WhiteHouse wants to know if they are in compliance with the sanctions.
688520025754304512,"According to WhiteHouse, Iran has been blocked by the UN."
688751183645782016,President Obama won the Nobel Peace Prize for his efforts in the Middle East.
688752484966363136,The US is sanctioning Saudi Arabia for its support for terrorism.
688757736310484994,President Obama made a deal with Iran.
688763099298529280,Boing and Wilw are calling each other terrorists.
688763993633107968,POTUS wants to know how much money Iran got from the US.
688814621034213376,There was a murder in Iran.
688932211714818048,There is a problem with lead in the water.
689100941119848449,The BBC has arrested a Moroccan national in connection with the attack in Paris.
689103487880310785,At least 5 French soldiers died in an avalanche.
689208632148365314,The BBC broke the news that Glenn has died.
689214940679409664,Glenn died at the age of 67.
689236842454106113,President Obama needs to do something about unemployment.
689529955294777344,The BBC broke the news about a ceasefire between Colombia and the US.
689549346875031552,Jihadi was killed in a drone attack.
689555819059351552,BBC broke the news that Jihadi John is dead.
689650617464311813,Leo DiCaprio is giving away $15 million for environmental causes.
689694470779097088,Two people were killed in a school attack in Pakistan.
689719109785907200,The BBC is reporting that at least 19 people have been killed in Pakistan.
689722724470620161,Two students were killed in a school attack in Pakistan.
689798164287741953,A car bomb exploded near the Russian embassy in Kabul.
689799953330368513,Boing doesn't like Trump's supporters.
689833530197671936,2016 was the hottest year on record.
689853056440221696,There is a new planet orbiting the sun.
689922870689009664,Eminem has won an award at BET.
690137637810761728,The BBC broke the news about Litvinenko's murder.
690145844318834689,@newscientist shares a picture of a hug.
690174644071047168,FastCompany is a racist company.
690252631822864384,WhiteHouse is angry with POTUS for giving tax breaks to the auto industry.
690296550803636224,"WhiteHouse and POTUS are discussing the water crisis in Flint, Michigan."
690431187916099584,BBC has arrested a Korean student on charges of committing a crime.
690522824797196288,A BBC journalist has been sentenced to three-and-a-half years in prison.
690567125128351744,POTUS believes that a woman's right to have an abortion should be respected.
690670464440504320,It's snowing in POTUS's office.
690676539323740161,At least 5 people were killed in a school shooting in Saskatchewan.
690680310061756416,Five people were killed and two injured in a school shooting in Canada.
690915657106526208,The Internet is full of quotes from Davos.
690920430287331328,There's a search engine for everything.
690926324903317504,President Obama's health care law has made insurance more expensive.
690954487322796032,WhiteHouse complains about the cost of health insurance in the US.
690985215691354112,Trump's supporters are calling him a racist.
691006265137299456,WhiteHouse doesn't want to pay more for health insurance.
691027026552229888,Donald Trump's mother was from Scotland.
691064699853606913,It's snowing in Boston.
691206970074738688,The Guardian has nominated a person for the Nobel Peace Prize.
691299810553384960,People with pre-existing conditions can no longer be denied coverage.
691327238353129472,@TheOnion wants to know how much money can be spent on eagles.
691351064868732928,@TheOnion is having a bad day.
691380138710306816,TheOnion is celebrating 25 years of existence.
691380348379201536,The dogs are barking in the snow.
691410231549530112,The deadline to sign up for health insurance is almost here.
691564354567798784,Henry died of dehydration at the age of 44.
691600834707247104,There was a snowfall in New York today.
691616143161819136,The Paris Review has posted a link to an interesting article.
691632933170450435,There is no such thing as a free lunch.
691656866972209152,The road to hell is paved with good intentions.
691667941314662400,Boing is the name of a website.
691700082601758720,Ted Cruz is the most consistent conservative in the party.
691791477912014850,@TheOnion wants to know what she should do.
691809004356501505,WhiteHouse is angry with President Trump.
691889802724118532,A woman was attacked and killed by a man.
691976624665919488,A giraffe has been spotted on Channel.
691986377584549888,@cnnbrk wants to know how many people are starving in Syria.
692004901455556608,POTUS should be in prison for 2 years.
692023417575448576,@cnnbrk thinks the government should screen all adults for depression.
692024256520179712,InStyle shares a video with Ingrid Michaelson.
692031224227958789,BBC is breaking a story about an attack in San Diego.
692031514943582208,A BBC employee has been sentenced to 19 years in prison.
692046121250586624,Richard Dawkins is sceptical about the cost of solar power.
692047663211085825,@empiremagazine wants to know if Batman is the symbol of the magazine.
692056985513123840,There is no evidence of a crime at the hospital.
692063305297453060,There's a link to a story on the Internet.
692082337333534720,The President is doing the right thing.
692098463262216192,@mallories and @emmajill are talking about MTV.
692099058811453440,The BBC is reporting that iPhone sales are down.
692105324111761408,Abe has died. He was a good actor.
692113799546048513,Niall wants MTV to talk about him.
692113839387709444,@TheOnion is having a bad day.
692127290998784001,"Disney opened a new amusement park called ""TheOnion""."
692134022839955456,@TheOnion wants to know what he should do with his food.
692134721195786240,Shelley is hilarious on MTV.
692142338890661888,The Internet is a dangerous place.
692190570140340229,The BBC is breaking the news.
692217618778972161,@cnnbrk wants the police to bring the killer to justice.
692267960686284800,The minister has resigned in protest against the BBC.
692287441168900097,BBC broke the news about the new bedroom tax.
692290126282649601,Sky News has been declared guilty of breaking the law.
692332739824095234,Greece needs EU money to secure its borders.
692336523090509824,Denmark is intolerant of Chinese people.
692357775859564544,@TheOnion wants to talk to her friends.
692364468442021889,The video is by Camila Cabello.
692374052082708480,@TheOnion is talking about a spider.
692376812022792196,@TODAYshow will be making a chocolate cake.
692382471061663744,Auschwitz is a place where people died.
692391757775028228,Kendall shares a funny video with Calvin.
692405195796529152,The BBC is breaking the news about the murder of a young girl.
692423131726749697,Today marks the anniversary of the Holocaust.
692440373449396224,The economy of the US is slowing down.
692451275930234880,WhiteHouse wants to make college free for everyone.
692453106622275585,@manda is on Twitter.
692463948076093440,@MTV shares some of his favourite quotes.
692472216135569409,@cnnbrk wants him and his family put in jail.
692491478619262976,The Swedish government wants to expel Eritreans from the country.
692497796956561408,BBC is trying to convince people to accept more refugees.
692506143147606016,Mac has a new baby boy.
692510002586714113,Israel is being targeted for being Jewish.
692528931459694592,@cnnbrk thinks North Korea is preparing for a missile launch.
692537942439501824,NASA has confirmed the existence of the largest planet in the solar system.
692566765822435328,@espn and @bronco are corrupting the youth.
692581635594694658,"There are bones from the movie ""The Shining""."
692688891174739968,@TODAYshow wants to go to Hawaii.
692692529779707904,WHO is trying to stop the spread of the Zika virus.
692707593991643136,North Korea is going to launch a rocket.
692709993573789701,@espn has sent a thank-you note to the fans.
692727606718824448,Von Miller got suspended for cheating.
692734579141185536,Gizmodo thinks Java is dead.
692735354240114688,Rolling Stone has a new song.
692736398462300162,@espn wants to buy tickets for the Super Bowl.
692742353736568833,A man with a gun has been arrested in Paris.
692745208421679104,Jimmy congratulates Shaq on his win.
692745861978263552,@MTV can't wait for Friday.
692746621218656258,A man with a gun was arrested in Paris.
692747901815119872,There are 31 cases of Zika virus in Puerto Rico.
692748204064927745,Rolling Stone thinks Trump is lying.
692759090469212160,There was a fire in the fridge.
692764799315398656,A woman was arrested with a gun and ammunition in Paris.
692765809425408000,WIRED has a problem with Gerrymandering.
692780496590254081,An undefeated wrestler lost on purpose against an opponent.
692792765852286977,@TheOnion shares a picture of a room with empty shelves.
692800345274241025,Zayn is on Twitter @zayn.
692812029611089920,@USATODAY loves Justin Bieber.
692816955837804544,Ian McKellen is a member of Empire Magazine.
692818857187213313,There's a new toy for disabled people.
692838349036326912,"It's Friday, which means it's TV time."
692840850141753347,@empiremagazine thinks Batman is better than Superman.
692842124841123842,@TheOnion wants to know if he can get a new eye patch.
692854695262445568,Melissa thinks Batman and Superman are the best superheroes.
692881863644282880,Paul Kantner died at 74.
692892472729415680,@espn wants to know if Las Vegas is a good idea.
692922211338981377,The Bank of Japan introduced negative interest rates.
692924229017309184,Ted Cruz is a jerk.
692925163994796033,@latimes.com is the place to find out what's going on in Los Angeles.
692927739066740741,There are 90% of people in the world who don't like each other.
692932696645865472,@espn shares a funny story.
692946556396244992,@espn wants Riley to be his girlfriend.
693032076543655936,Zika is a mosquito-borne virus.
693056396250652672,The Internet is a great place to share information.
693068611951300608,@espn wants to know how to solve a problem.
693071700200722433,"According to Reuters, 40% of Germans think Merkel should resign."
693079616072880128,@MTV is having a problem with a tweet.
693082547664883712,TheOnion is on Twitter.
693083689098477568,Stephen Curry is a fan of the Carolina Panthers.
693087256727388161,Jeremy Corbyn has been arrested for sexual assault.
693091255685787648,Joseph Pena is in high school.
693098795022725120,The Las Vegas Raiders are going to play in San Diego.
693102023764492288,She should be deported from the UK.
693102420688121856,There is a wage gap between men and women in the US.
693107789007339521,Women should be paid the same as men.
693116426824093696,The company prides itself on putting the employees first.
693118410444636161,"According to CNN, the price of oil will go up."
693121477491757056,Women earn less than men for the same work.
693122199536934912,"According to Reuters, 60% of Germans want Merkel to resign."
693122701569974273,President Trump wants to legalize marijuana.
693123067204243456,CNN wants equal pay for equal work.
693125234317086720,Zayn Malik is on MTV.
693126696132804608,POTUS wants equal pay for men and women.
693131575261659137,Charles is the only one talking about a black person.
693136527816331264,CNN has just welcomed its first baby in 28 years.
693139276708585472,The Internet is full of jokes.
693140568143220736,Rolling Stone shares a video with his friends.
693160939802214400,Bernie Sanders is running for president against Hillary Clinton.
693162950358622208,MTV has a new song called Pillow Talk.
693185488644149248,"According to a Reuters poll, 60% of Germans want Merkel to resign."
693198912660885505,@TheOnion wants to watch a 7-hour block of TV.
693204483501887488,Gilmore Girls is coming back.
693204708933160960,@stn_zack sends a link to his Twitter account.
693214543615561729,CNN is coming to Netflix.
693216311502073856,The arts are more important than the business.
693217698482933760,Bernie Sanders has endorsed Hillary Clinton.
693234925252775936,@CNN is being rude to Jake Tapper.
693236688538243074,The CIA has released a lot of documents.
693239731031683072,@espn is not of this world.
693240976970752004,"@zaynmalik is watching ""The Voice"" on MTV."
693272659447119873,Breastfeeding saves a lot of lives.
693284114724700160,Reuters has won the contract to build a new air force.
693344498953383936,@cnnbrk is angry with China.
693355140284334081,CNN reports that a Russian fighter jet came within 15 feet of US territory.
693408117225299968,The BBC reports that Saudi women will not be allowed to vote.
693411834808946688,Huffington doesn't like the fact that Michael Jackson is black.
693443289370882049,POTUS wants to make sure all kids are equipped for the future.
693452449173086210,There is no such thing as a free lunch.
693456340790804480,@DRUDGE_REPORT wants the FBI to investigate Hillary Clinton.
693456387880402944,The Gilmore Girls are coming back to Netflix.
693457310824468480,President Trump is going to meet with students.
693459931022913536,The Rolling Stones played a concert in Liverpool.
693465666259656705,Turkey has violated BBC's airspace.
693476901772513280,The BBC is accusing Turkey of harboring illegal immigrants.
693481256735150082,There was a racist attack in Sweden.
693484841011060737,Team Cavuto thinks Trump is a socialist.
693485676881403905,CNN has a problem with Hillary Clinton.
693487871806689280,Dr. Simpson has a medical condition.
693490132440129536,There was a fight at the school.
693492159635443714,Huffington is not happy with Donald Trump.
693492349142433792,CNN shares a video of a new aircraft.
693501482721681408,@espn is happy for him because he won the game.
693509689418588160,MTV has a new video with Lydia and Scott.
693512850539683842,@TheOnion wants to know if Obama is going to cut his nails.
693523133920342016,The New York Times is full of lies.
693524179597955072,Simmons is projected as the number one pick in the NBA draft.
693533469922693120,MTV is crying over a video.
693534177694609409,@espn shares a video of a snowmobile.
693537938425171968,The New York Times asked Ted Cruz a question. He didn't answer.
693549273468764160,The New York Times publishes an article about honor killings.
693554007785234432,There was a shooting at the Denver Coliseum.
693554344298467328,There is no need to read any further than the following link.
693560600471863296,"The game is over, but there is still hope for the future."
693573042111270912,Dana Perino thinks Hillary Clinton should be prosecuted.
693594331735683072,WhiteHouse needs to pay more for health insurance.
693595814401327104,Leo congratulates Eonline on her birthday.
693600369281253376,@espn has won the game.
693605375803813889,@eonline is talking about diversity.
693618217667928068,There was a time when we couldn't talk to each other.
693622130735484929,Huffington criticizes Trump on Twitter.
693629498177253376,@eonline shares a picture of Kate and Leonardo kissing.
693631772639145984,@eonline congratulates her on winning the Oscar.
693643778033344512,@mashable is upset about the lack of representation of nonwhite actors at the Oscars.
693658242044542976,@WSJ and @MikeTerril discuss sports on Twitter.
693662456393134080,Donald Trump is the least favorably viewed presidential candidate since 1992.
693670046497935361,The New York Times doesn't support Bernie Sanders.
693673606279229440,The actress who plays Obama in the movie is little known to the public.
693676692309700609,The New York Times shares a funny story.
693686290408181760,There's a gap in the conversation.
693696168908423168,The president of Spain has died.
693711272014155776,Economist shares his opinion on the subject.
693718533239365633,The economy needs to grow by 40% if it wants to survive.
693722259740069889,Sir Terry Wogan has died of cancer.
693729678306189313,Sir Terry Wogan has died at the age of 77.
693769968199061504,@cnnbrk wants to know why Muslims are protesting against the US.
693785810311778304,TIME is changing the name of its website.
693792605755285504,At least 45 people were killed in Syria.
693795905049329664,The New York Times has posted a link to an interesting article.
693802524579618816,Ted Cruz and Maricruz are critical of CNN.
693803472806760448,"It's absurd, but it's true."
693804630615166977,The topic of leadership is of interest to Harvard students.
693806234026188801,The Guardian made up a rape story about a migrant girl.
693807822971236353,Hillary's emails are not relevant to the election.
693821069879160832,Baylor is accused of sexual assault by ESPN.
693822949456007169,The New York Times reports that trees have social networks.
693824042164436992,It's a sad day for humanity.
693830499047989248,FoxNews is spreading lies about Muslims.
693853982293254144,Dr Zuhdi Jasser tweets about the Muslim Brotherhood.
693855615618322432,It's Eline's birthday today.
693866093123915776,ABC refuses to classify Boko Haram as a terrorist organization.
693873151659249669,WhiteHouse wants to make sure all children learn computer science.
693899062098137088,At least 86 people died in the Boko Haram attack.
693912520923295745,Team Cavuto supports Ted Cruz.
693916809125351425,The Internet is full of useless information.
693921710383337472,Yoshiki congratulates Wearex on his birthday.
693925198630821889,@espn and @espn.
693926742814281729,The photos of tulips are stunning.
693934062445187072,Donald Trump and Hillary Clinton are running neck-and-neck for president.
697992796565741569,Bernie Sanders won the debate by a big margin.
699252269414354944,Alex is angry at PasteMagazine.
701175292937707520,The results of the election are in.
701514249269542912,Bernie Sanders won the election. The New York Times is biased against him.
701539698452393986,Bernie Sanders won the election in New York.
701975210044497921,There is no statistical basis for voting.
705092738224525312,@pzf is going to vote for Hillary.
705093513076015104,There's a lot of people who think Trump is a bad person.
706665777332621314,There is no such thing as a free lunch.
707300612862566400,President Obama is not going to attend Nancy's funeral.
707305999971921920,Christie doesn't want him to attend Nancy's funeral.
707308274270539777,@dbongino is surprised by Obama's absence at Nancy's funeral.
707310135291416576,President Obama is going to attend Nancy's funeral.
707321278135463936,President Obama is going to attend South by Southwest.
707332312724283392,Wayne and others are critical of Obama's attendance at Nancy's funeral.
707405809181917184,The Hill is not happy with the president's tweets.
707412869860696064,@thehill doesn't understand why Obama skipped his wife's funeral.
707420972173955072,President Obama didn't come to Nancy's funeral.
707786906189303808,"@PaisleyTiger,"
711994705333112832,@sport_simon and @NME don't know what happened to Donald Trump.
714503380476026880,John Fund thinks that the woman who defected from Trump's campaign is a fake.
714531423273746432,@realDonaldTrump is not a good strategist.
714555825122107392,Judd shares his opinion on Twitter.
714560810266132480,@pennjillette found a fake article about Trump.
714598641827246081,@xojanedot is a Twitter account.
714755546285477888,Brian Moore has tweeted about Donald Trump.
714811995573325828,Brad and Thor are critical of Donald Trump's campaign.
714851393861881857,The following is an open letter to Donald Trump.
714998347111669760,Bernie is spreading the word about racism in America.
715253497462145024,There is no punishment for women who have an abortion.
715254040289021952,Trump wants to punish women for having an abortion.
715255507506892800,There should be some form of punishment for women who have an abortion.
715268937873760256,Huffington is against abortion.
715515982584881152,Prite (@PrisonPlanet) wants to know what the minimum wage is.
715671763808493569,There's a job offer for Bernie at $15 an hour.
716092408920936448,Donald Trump and David Brock are trying to influence the election.
716416753409081344,New Deal won the election in Nevada.
716424773216022530,It's not easy to find out where to go.
716439952922312704,Bernie supports the election of Bernie Sanders.
716448280201269248,Bernie has won the election.
716451800581279744,"Bernie won the election, but Shaun and Lucy don't believe it."
716457799392342018,Bernie believes Hillary won the election.
716461257025581056,Bernie Sanders won the election.
717081129627553792,@SaveTheAnima and @Diego_
722885778448121857,Target has a new trans-inclusive policy.
723365789378584578,The world is a beautiful place.
723477822950395904,The Internet is full of
723521076446142465,There is no such thing as too much information.
723644048867774464,The Internet is a wonderful thing.
723772395211862016,The world is a flat place.
724320681517670400,FoxNews wants to change the bathroom policy at Target.
724348906096590849,FoxNews wants to boycott Target over their transphobic policy.
724603564946010112,Breitbart News shares a video of a man masturbating in public.
724661834419048448,Positronic is boycotting Target today.
724703995147751424,@USATODAY is boycotting Target because of their transphobic policy.
725983128444129280,Marty and Dr. Fox are critical of Target.
726043971911213057,Target's stock is down by $1.5 billion.
726086935903494144,Target stock is down over $1.5 billion.
726190016435728385,Breitbart News is boycotting Target for allowing men to use women's restrooms.
726442550266044416,Walsh is angry at Target for allowing men to use the women's restroom.
727116900983934976,@toddstarnes and @AmericanFamAssc are calling for a boycott of Target.
727172374999666688,@AnnCoulter and @MattWalsh don't support the boycott of Target.
727179214546456577,Target's stock has taken a hit due to the boycott.
727187859367546880,@SandraAL wants to boycott Target.
727588444000526336,@DRUDGE_REPORT and @FreeBeacon think Hillary should be punished.
727623131494387714,Hillary is a liar and she needs to go to jail.
727834854931435522,Lou Dobbs is angry at Hillary Clinton.
727854332188577792,Fred Zeppelin thinks the media should ask Hillary Clinton about the payments.
727966590084485120,Caitlyn will pose nude for Huffington.
727982226290442240,@scrowder is angry about Target's transphobic policy.
728013148788154368,@FOXLA wants to know if Caitlyn Jenner will pose nude for Sports Illustrated.
728038172270198787,SportsCentr is a fake Twitter account.
728101712762834944,Kristen wants to know why people do what they do.
728207861050970112,Caitlyn will be censored on the Internet.
728273551883534336,There's a picture of a nude girl on Instagram.
728625967921401856,Heritage has taken a hit because of their political views.
728631482722308096,@chuckwoolery @BreitbartNews and @Cindy
729647367457230850,Forbes shares a link to a blog post about medical errors.
730516765525082112,Mayan has found a lost city.
730939370765754368,Hank and Carmen are critical of Hillary Clinton.
731166399389962242,The clock is ticking for Hillary.
732004388181434368,John Piper doesn't want to shop at Target anymore.
732971411157880832,The stock price of Target is falling.
733242244522725376,@tgradous shares a link to a tweet with the hashtag #Boycott
740748123581087745,Hillary Clinton was the first female presidential candidate.
740791134146965504,Hillary Clinton is the first female presidential nominee.
741995157969592321,"According to Andie, Trump is a far-right extremist."
742012307694223361,The mass shooting happened in a Muslim country.
742050150307246080,Melanie is a member of House of Representatives.
742055437932040193,Cernovich is upset with the way the media is covering the election.
742114513726623744,Snopes published a fake news article about Donald Trump.
742571519105077248,There's no need to get involved in politics.
742678930516123650,Jammie and Benshapiro are upset about a man who threatened to kill Muslims.
743058135300988932,Democracy is not a good idea.
744390771869102080,"According to Jeffrey Cernovich, one of the men who wanted to copy Trump was stopped by the police."
745236050407194624,There's a problem with the internet.
745365403237376000,There is a lot of talk on Twitter about people being hungry.
747275598347837440,@peddoc63 is a hypocrite.
747443219487678464,The Republicans are against gay rights.
748543642323783681,The Democrats want to raise the minimum wage.
748558349139058688,The pay is too low for a person to work.
748640007934590976,CNN is the biggest killer of people.
749286768554438658,CNN is the number one source of fake news.
751856580874960897,"Hillary supports TPP, but she doesn't support it for the workers."
752875379765968897,Critic thinks Obama and Cruz are having a fight.
752965545528528898,Violence against children is one of the top causes of death in the world.
755447443009916929,The Blaze has been attacked by someone.
755475529294352385,The police are looking for the person responsible for breaking the window.
755523157700648960,A police officer has been arrested.
755548076438196225,"@Chairmnoomowmow, @FOX59 and @"
756282236375277568,Hillary Clinton is quoted as saying that laziness is a trait of Americans.
757190314880884736,Limerick is angry at Donald Trump.
757367391202471937,"Donald Trump is a racist, according to Slate."
757450526153900032,It's been a difficult year for her.
757748522481491968,@LeahR77 is quoting from a YouTube video.
758825535480864769,There is no such thing as a right or wrong answer.
759653274605740032,"According to a poll, only 5% of Americans would vote for Trump."
760109079133990912,Franklin and Graham don't want to go to church.
760120409429643266,Franklin and Graham are critical of the Christian clubs.
760928376668454912,Lila is running for president.
761027420849745920,Alex found out that the money from the show was fake.
761355585724055553,It's President Obama's birthday today.
761381302260031489,It's President Trump's birthday today.
761675705956655109,Angelina is visiting the university.
762775964224847872,@POTUS and @FLOTUS are proud of each other.
763404633217835009,@usweekly and @jcsaffo21 are having a fight.
763428684850094080,VivaLaAmes is calling for Trump's assassination.
763430916236640256,Lagartija is a journalist.
763524712853102596,Trump called for Hillary to be assassinated.
763738618573623297,Pamela Geller wants to know if Julian Assange will be arrested.
763896522790440960,Son of Liberty is in the hospital.
764158239089029120,Young people have the power to change the world.
764368020391223296,Lagartija wants to meet with Hillary.
764449685897568256,@mental_floss is holding up his right hand.
764473554431725568,President Obama has a responsibility to protect the planet.
764505291853627392,Kenny Baker has passed away.
764573523713011713,POTUS wants to limit the amount of carbon dioxide that the US emits.
764620072228970496,@usweekly congratulates her on her win.
764653644138450945,Michael Phelps congratulated Team USA on their victory.
764753085675761664,BBC broke the news about Boko Haram.
765141361033109504,A man has been shot by police.
765631087867367426,President Trump pardoned 3 drug dealers.
765735409984806912,@christinawilkie and @RealDonaldTrump are talking about the same subject.
765863022506151937,The BBC broke a story about corruption at the Olympics.
765887221736046592,@andieiamwhoiam doesn't believe in democracy.
765934198297362432,@cnnbrk wants to know why the police didn't arrest the man.
766299560415223808,The BBC broke a story about a robbery.
766299795833102336,@cnnbrk is not happy with the way the girls were treated.
766307327922335745,The BBC broke the news about the prison reform.
766316494695305218,Gawker has a problem with his website.
766358933296517121,@cnnbrk wants to know why they were robbed.
766452700049473536,@cnnbrk is an amazing athlete.
766638613320859648,The BBC broke the news about Donald Trump resigning.
766719302401613825,@ABC7 is having a bad day.
766789709045518336,@DailyNewsBin sent a photo of a truck full of food.
766808183696351233,Khanoisseur and Anamika are critical of Vitico.
766989078294306816,@TheOnion and @lm7m wish they could be in 5th grade.
767068504277344260,A child has been killed in Syria by a bomb.
767094580634202112,President Trump is going to play golf in the White House.
767154835993063425,Matt won the race by 16 seconds.
767170849472405508,@cnnbrk congratulates her on winning the gold medal.
767218194385866752,Nate won the fight.
767223774072676354,He passed away at the age of 38.
767300637012951040,"BBC is breaking the news about a massacre of up to 1,000 people in Iraq."
767330549262278658,Nate is going to beat Conor McGregor.
767355611277168642,Neymar's son looks nothing like his father.
767355933919997952,A suicide bomber killed at least 50 people in Turkey.
767360696761905153,Jack wants to watch a video on MTV.
767444114229059584,The game ended in a draw.
767462297270968321,The USA won the game by a big margin.
767463109778894848,Carmelo Anthony has won a gold medal at the Olympics.
767482587879051265,@DRUDGE_REPORT and @American_Mirror think the media is biased against Hillary Clinton.
767515401831997440,@TheOnion has posted a joke on Twitter.
767520433247809536,Simone Biles and Aly Raisman are having a great time.
767528171520524288,@mashable is having a party.
767580827513397252,President Enrique Peña Nieto lied to Reuters.
767668607803359234,The Economist shares a quote from Donald Trump.
767710245779103744,@cnnbrk and @tutzerjd agree that destroying a historical monument is a crime.
767715489485205505,There's a fish on the Internet.
767715524222578688,Onion is the first person in his family to die.
767737100347191297,Hillary and Donald Trump are having a fight on Twitter.
767768054163996672,The USA is the world's richest country.
767823175480647681,Donald Trump is going to bankrupt the US if he becomes president.
767845555313774593,CNN broke a man's windshield.
774833492865593344,Hillary Clinton is a racist and a liar.
775672628493357057,Lou Dobbs claims that Melania has a medical condition.
778299287293816832,@instapundit and @KFaulders think it's a crime.
778530869208190976,DrGina and Linda are on Twitter.
778572032531427332,It's not a good idea for black men to run from the police.
778625026144792577,It's not a good idea to run from the police.
778681502825451520,Black men have a right to resist police.
778689027918618625,"According to NPR, there is a problem with race relations in America."
778949749156245504,Alfred has committed a crime and needs to be punished.
780436430732525569,@davidsiro and @tomangell are talking about marijuana.
780882510645370880,@lhfang believes that smoking marijuana is a bad idea.
